0,10.290625,272,712.6,984,0.002,0.131428571,0.349809524,0.51047619
1,10.9875,320,757,1344,0.005,0.146666667,0.36152381,0.59047619
2,9.55625,296,665,1104,0.001,0.144761905,0.32852381,0.502857143
3,10.7,248,735.8,1160,0.001,0.163809524,0.367714286,0.577142857
4,10.721875,312,734.2,1112,0.002,0.131428571,0.354571429,0.523809524
5,10.7375,400,741.8,1184,0,0.165714286,0.353857143,0.546666667
6,10.31875,344,706.4,1064,0.002,0.186666667,0.353904762,0.523809524
0,7.846875,336,556.6,768,0.008,0.278095238,0.446142857,0.59047619
1,10.228125,288,704,1080,0.025,0.251428571,0.477619048,0.662857143
2,12.184375,416,829.8,1208,0.037,0.236190476,0.461571429,0.664761905
3,11.63125,376,803,1136,0.039,0.245714286,0.47352381,0.68
4,11.959375,472,823.8,1184,0.039,0.234285714,0.451761905,0.664761905
5,12.590625,520,858.6,1304,0.021,0.266666667,0.455380952,0.63047619
6,12.28125,344,837.6,1288,0.041,0.224761905,0.443047619,0.651428571
7,11.378125,280,783,1224,0.01,0.106666667,0.402761905,0.59047619
8,12.5625,544,854.6,1264,0.029,0.27047619,0.435,0.636190476
9,13.3375,416,908,1296,0.028,0.220952381,0.45147619,0.657142857
10,12.821875,496,873.2,1376,0.025,0.182857143,0.44752381,0.718095238
11,12.71875,416,868.8,1328,0.035,0.253333333,0.453809524,0.716190476
12,12.025,496,823.8,1320,0.029,0.215238095,0.429142857,0.668571429
13,12.640625,312,860.4,1296,0.024,0.116190476,0.453285714,0.617142857
14,12.278125,464,839,1216,0.03,0.226666667,0.438190476,0.641904762
15,11.6875,496,805,1104,0.029,0.287619048,0.425380952,0.622857143
16,12.584375,536,859.4,1280,0.037,0.281904762,0.442047619,0.666666667
17,12.009375,352,825.6,1312,0.044,0.196190476,0.432238095,0.716190476
18,12.125,360,823.6,1320,0.025,0.144761905,0.413333333,0.64952381
19,13.38125,432,907.6,1336,0.029,0.188571429,0.458619048,0.651428571
20,11.75625,416,802,1136,0.022,0.184761905,0.419619048,0.59047619
21,12.190625,264,829.4,1176,0.027,0.123809524,0.44047619,0.613333333
22,11.7375,520,806.2,1184,0.039,0.255238095,0.43252381,0.619047619
23,13.60625,680,926.2,1176,0.069,0.335238095,0.495571429,0.64952381
24,11.46875,304,789.4,1240,0.044,0.135238095,0.422857143,0.657142857
25,11.5375,512,794,984,0.037,0.241904762,0.433714286,0.55047619
26,11.678125,304,800.6,1216,0.05,0.16,0.440333333,0.674285714
27,12.946875,416,879,1296,0.073,0.236190476,0.479,0.725714286
28,12.953125,360,885.8,1184,0.064,0.2,0.487095238,0.636190476
29,12.63125,464,866.2,1296,0.082,0.224761905,0.474333333,0.752380952
30,13.334375,512,906.2,1200,0.072,0.262857143,0.472571429,0.64952381
31,12.815625,456,872.8,1336,0.035,0.268571429,0.469333333,0.643809524
32,12.859375,552,875,1320,0.05,0.27047619,0.459714286,0.643809524
33,12.5375,480,858,1184,0.025,0.24,0.447857143,0.636190476
34,12.5375,336,854.6,1160,0.041,0.188571429,0.448095238,0.601904762
35,13.075,480,884.8,1424,0.034,0.177142857,0.449047619,0.643809524
36,13.19375,528,896.6,1496,0.028,0.253333333,0.455190476,0.740952381
37,13.196875,392,894.8,1384,0.041,0.228571429,0.443190476,0.746666667
38,13.0375,520,887,1304,0.031,0.264761905,0.448809524,0.651428571
39,14.14375,352,958.4,1440,0.069,0.131428571,0.500809524,0.75047619
40,13.90625,456,942.6,1296,0.076,0.27047619,0.504761905,0.706666667
41,12.996875,584,888.6,1248,0.052,0.281904762,0.468952381,0.63047619
42,13.571875,408,919.6,1360,0.078,0.194285714,0.505380952,0.708571429
43,13.6,576,921.4,1216,0.124,0.367619048,0.543190476,0.706666667
44,13.103125,624,894,1192,0.092,0.36,0.53347619,0.712380952
45,12.30625,632,846.2,1096,0.106,0.293333333,0.515714286,0.75047619
46,12.221875,448,837,1176,0.11,0.327619048,0.535952381,0.702857143
47,12.746875,448,872.6,1176,0.099,0.299047619,0.539285714,0.659047619
48,13.2625,616,900.4,1184,0.127,0.4,0.557619048,0.723809524
49,13.078125,576,889.4,1168,0.101,0.354285714,0.518857143,0.643809524
50,13.525,552,921.2,1272,0.109,0.257142857,0.504809524,0.668571429
51,13.24375,320,900.8,1296,0.059,0.154285714,0.487809524,0.712380952
52,12.94375,368,877.4,1288,0.06,0.177142857,0.474809524,0.674285714
53,13.396875,384,910.6,1400,0.056,0.184761905,0.467047619,0.758095238
54,13.1,552,895.4,1248,0.039,0.268571429,0.47647619,0.643809524
55,12.315625,224,844.2,1376,0.052,0.108571429,0.437904762,0.651428571
56,11.940625,344,815.6,1216,0.022,0.152380952,0.431190476,0.666666667
57,13.75,568,928.8,1336,0.038,0.306666667,0.457285714,0.645714286
58,13.371875,416,908.6,1272,0.032,0.16952381,0.465190476,0.615238095
59,12.94375,464,880.8,1352,0.025,0.245714286,0.451238095,0.64952381
60,13.725,384,933,1328,0.058,0.177142857,0.482238095,0.700952381
61,14.29375,504,968.8,1336,0.053,0.28,0.507761905,0.68952381
62,13.240625,488,901.6,1232,0.064,0.234285714,0.491047619,0.685714286
63,13.48125,496,914.2,1344,0.055,0.266666667,0.485047619,0.687619048
64,13.215625,520,901.6,1368,0.063,0.316190476,0.499761905,0.767619048
65,13.146875,560,896.8,1192,0.073,0.306666667,0.500952381,0.72
66,13.89375,512,944.8,1280,0.066,0.28952381,0.52252381,0.716190476
67,13.928125,616,945,1376,0.078,0.325714286,0.507619048,0.659047619
68,13.621875,528,922.8,1312,0.065,0.259047619,0.514619048,0.71047619
69,12.209375,488,833.6,1224,0.037,0.257142857,0.461761905,0.678095238
70,15.0125,624,1011.2,1400,0.082,0.32,0.541380952,0.697142857
71,14.784375,496,994.6,1368,0.052,0.255238095,0.522857143,0.653333333
72,14.56875,592,985.4,1216,0.062,0.295238095,0.519761905,0.683809524
73,13.30625,440,902.2,1264,0.042,0.24952381,0.485285714,0.68952381
74,13.55,576,916.6,1224,0.039,0.262857143,0.487666667,0.643809524
75,13.9875,560,946.4,1320,0.052,0.312380952,0.498428571,0.664761905
76,13.825,552,932.6,1272,0.067,0.291428571,0.495714286,0.706666667
77,14.03125,416,945.4,1304,0.054,0.182857143,0.501047619,0.678095238
78,14.09375,352,953,1320,0.081,0.188571429,0.509761905,0.681904762
79,13.29375,480,903.2,1216,0.05,0.215238095,0.493714286,0.659047619
80,13.61875,440,922.2,1264,0.079,0.268571429,0.496809524,0.678095238
81,13.778125,520,929.8,1336,0.09,0.287619048,0.518666667,0.771428571
82,13.865625,520,937,1344,0.063,0.281904762,0.510714286,0.737142857
83,13.35,432,904.8,1280,0.058,0.177142857,0.50152381,0.725714286
84,13.059375,488,885.8,1312,0.089,0.253333333,0.499714286,0.68952381
85,13.646875,480,924.2,1264,0.082,0.266666667,0.519428571,0.668571429
86,14.740625,624,998.8,1384,0.103,0.297142857,0.543619048,0.697142857
87,14.11875,464,957,1224,0.074,0.266666667,0.52047619,0.695238095
88,14.209375,704,962,1376,0.101,0.386666667,0.553952381,0.731428571
89,13.53125,456,917.6,1184,0.14,0.247619048,0.529428571,0.678095238
90,13.78125,552,937.4,1328,0.102,0.27047619,0.54452381,0.708571429
91,13.415625,568,912.2,1296,0.117,0.27047619,0.526285714,0.687619048
92,13.846875,608,940.8,1432,0.104,0.299047619,0.554238095,0.735238095
93,14.44375,728,975,1400,0.099,0.43047619,0.569,0.739047619
94,13.890625,592,943.2,1288,0.111,0.339047619,0.539285714,0.68952381
95,13.659375,584,925.2,1336,0.094,0.28952381,0.515666667,0.76
96,13.4875,368,912.8,1304,0.098,0.188571429,0.526238095,0.68
97,13.415625,424,907,1272,0.101,0.234285714,0.513619048,0.737142857
98,13.34375,424,905.2,1272,0.098,0.243809524,0.494190476,0.706666667
99,13.209375,336,900.6,1256,0.078,0.135238095,0.479857143,0.68
100,13.934375,368,943,1352,0.095,0.205714286,0.494761905,0.740952381
101,13.0125,560,882.6,1344,0.061,0.259047619,0.472761905,0.683809524
102,13.5,448,921,1272,0.063,0.24,0.494428571,0.68952381
103,13.271875,376,902,1288,0.071,0.156190476,0.483,0.744761905
104,13.55,328,918.8,1312,0.063,0.108571429,0.489428571,0.72
105,13.6125,480,923,1464,0.046,0.215238095,0.492904762,0.666666667
106,13.428125,280,913.6,1336,0.073,0.121904762,0.489142857,0.706666667
107,13.459375,480,912.2,1272,0.066,0.201904762,0.49152381,0.763809524
108,13.225,464,901.6,1312,0.061,0.234285714,0.488904762,0.742857143
109,13.521875,360,922.2,1392,0.05,0.203809524,0.494047619,0.744761905
110,13.115625,464,889.4,1400,0.056,0.220952381,0.481857143,0.685714286
111,13.628125,536,922,1280,0.071,0.228571429,0.498047619,0.659047619
112,12.828125,328,877.4,1352,0.041,0.196190476,0.472761905,0.636190476
113,14.075,320,951.8,1320,0.082,0.16952381,0.509809524,0.71047619
114,14.040625,352,950.4,1352,0.073,0.184761905,0.522857143,0.704761905
115,14.253125,384,964.4,1312,0.097,0.215238095,0.526809524,0.712380952
116,14.075,584,950.8,1304,0.081,0.287619048,0.524047619,0.725714286
117,14.359375,736,975.2,1248,0.099,0.346666667,0.545714286,0.740952381
118,14.059375,472,947,1336,0.071,0.281904762,0.540142857,0.733333333
119,14.0625,600,952.6,1416,0.092,0.297142857,0.534904762,0.777142857
120,14.428125,576,972.2,1320,0.1,0.321904762,0.541380952,0.735238095
121,13.128125,560,895.6,1200,0.062,0.346666667,0.504904762,0.687619048
122,14.165625,496,964.2,1232,0.074,0.222857143,0.530571429,0.68
123,14.640625,568,987.8,1392,0.07,0.327619048,0.529,0.657142857
124,14.44375,560,978.6,1376,0.062,0.27047619,0.530666667,0.704761905
125,13.159375,416,889.6,1320,0.051,0.222857143,0.483619048,0.668571429
126,13.659375,344,929.8,1168,0.044,0.188571429,0.50252381,0.628571429
127,14.059375,544,953,1384,0.055,0.232380952,0.496571429,0.71047619
128,13.275,488,900.6,1280,0.044,0.266666667,0.49152381,0.64952381
129,13.36875,400,910.6,1232,0.04,0.192380952,0.478238095,0.657142857
130,13.384375,488,905.6,1376,0.063,0.24952381,0.483333333,0.657142857
131,13.840625,400,938.2,1312,0.061,0.161904762,0.5,0.67047619
132,13.078125,520,887.8,1312,0.058,0.24,0.464190476,0.678095238
133,13.075,488,886.4,1256,0.063,0.259047619,0.478333333,0.653333333
134,13.703125,360,922,1384,0.052,0.188571429,0.490190476,0.68
135,14.98125,512,1009.8,1360,0.098,0.268571429,0.540285714,0.72952381
136,13.315625,368,904.8,1424,0.069,0.182857143,0.472857143,0.765714286
137,14.559375,480,982.6,1360,0.075,0.205714286,0.50847619,0.674285714
138,14.203125,544,963.2,1304,0.09,0.259047619,0.52847619,0.72952381
139,14.046875,536,954,1392,0.095,0.232380952,0.509857143,0.746666667
140,14.9375,552,1004.2,1416,0.097,0.278095238,0.546619048,0.777142857
141,14.35625,680,972.6,1176,0.062,0.36,0.53147619,0.643809524
142,13.85625,392,937.4,1200,0.089,0.205714286,0.528714286,0.716190476
143,14.259375,392,969,1304,0.067,0.20952381,0.524571429,0.737142857
144,13.4875,584,918,1232,0.085,0.253333333,0.494714286,0.704761905
145,14.4875,584,978.8,1448,0.085,0.323809524,0.530619048,0.731428571
146,14.4875,616,978.8,1320,0.08,0.255238095,0.52947619,0.72952381
147,13.321875,448,904.8,1296,0.051,0.272380952,0.491095238,0.68952381
148,13.753125,360,933.8,1504,0.081,0.192380952,0.506809524,0.702857143
149,13.134375,376,896.6,1520,0.054,0.228571429,0.467666667,0.727619048
150,14.05625,288,953.6,1360,0.072,0.154285714,0.508952381,0.780952381
151,13.8,456,938,1224,0.053,0.2,0.502857143,0.712380952
152,14.621875,408,993.6,1280,0.093,0.219047619,0.528904762,0.746666667
153,14.16875,504,958.4,1208,0.061,0.238095238,0.521047619,0.691428571
154,13.9,568,948.8,1304,0.069,0.278095238,0.532285714,0.723809524
155,14.475,504,981,1352,0.078,0.268571429,0.528333333,0.739047619
156,14.11875,376,956.2,1368,0.075,0.177142857,0.52752381,0.782857143
157,14.3875,480,973.6,1256,0.083,0.241904762,0.516190476,0.706666667
158,14.459375,568,984.6,1336,0.067,0.283809524,0.544809524,0.744761905
159,14.2125,400,961.8,1376,0.104,0.186666667,0.541952381,0.685714286
160,14.6875,584,993,1408,0.092,0.331428571,0.552952381,0.76952381
161,14.021875,464,951.8,1264,0.097,0.215238095,0.546428571,0.761904762
162,13.975,448,946.6,1344,0.089,0.23047619,0.539142857,0.756190476
163,14.8625,656,1008.2,1320,0.101,0.337142857,0.584238095,0.782857143
164,14.171875,584,967,1360,0.113,0.31047619,0.534761905,0.68
165,15.2625,456,1026.6,1384,0.138,0.308571429,0.586047619,0.742857143
166,14.721875,552,989.4,1456,0.121,0.304761905,0.565714286,0.780952381
167,13.965625,456,950.6,1208,0.093,0.241904762,0.535619048,0.754285714
168,13.4875,480,916.6,1456,0.094,0.207619048,0.525952381,0.725714286
169,15.190625,520,1021.6,1368,0.108,0.220952381,0.559952381,0.723809524
170,14.53125,720,982,1360,0.087,0.405714286,0.556380952,0.72952381
171,13.75,384,930.4,1264,0.077,0.207619048,0.51352381,0.666666667
172,14.19375,424,962.2,1344,0.105,0.165714286,0.520238095,0.731428571
173,14.65625,488,989,1240,0.073,0.236190476,0.528809524,0.72
174,14.371875,504,970.8,1424,0.065,0.232380952,0.523380952,0.758095238
175,14.38125,568,971.6,1312,0.067,0.241904762,0.512714286,0.712380952
176,14.103125,552,961.8,1304,0.07,0.259047619,0.524238095,0.777142857
177,14.178125,416,962.8,1328,0.04,0.177142857,0.502333333,0.737142857
178,15.128125,536,1021.4,1408,0.096,0.268571429,0.555666667,0.733333333
179,14.465625,456,982.2,1376,0.099,0.20952381,0.532142857,0.733333333
180,14.753125,744,1000.6,1360,0.073,0.337142857,0.548238095,0.740952381
181,14.025,560,949.6,1296,0.057,0.251428571,0.515190476,0.676190476
182,14.090625,472,956,1384,0.048,0.177142857,0.524142857,0.731428571
183,15.15625,768,1022.4,1424,0.099,0.342857143,0.553571429,0.79047619
184,14.340625,544,970.8,1424,0.088,0.217142857,0.529761905,0.712380952
185,14.48125,704,984,1304,0.072,0.358095238,0.527952381,0.674285714
186,15.14375,712,1021.8,1328,0.095,0.373333333,0.554,0.727619048
187,14.54375,504,984.2,1352,0.089,0.220952381,0.546,0.727619048
188,13.934375,496,950.2,1424,0.078,0.228571429,0.530047619,0.76952381
189,15.290625,560,1028.2,1368,0.119,0.297142857,0.570904762,0.784761905
190,14.28125,584,968,1312,0.089,0.312380952,0.549809524,0.752380952
191,14.246875,576,965.8,1200,0.103,0.274285714,0.548904762,0.704761905
192,14.48125,624,981.6,1288,0.104,0.302857143,0.569142857,0.725714286
193,14.346875,608,971.6,1392,0.064,0.295238095,0.553571429,0.685714286
194,13.74375,296,937,1200,0.082,0.114285714,0.53947619,0.666666667
195,14.303125,504,969.2,1344,0.087,0.28952381,0.543142857,0.733333333
196,14.003125,472,953.2,1368,0.086,0.260952381,0.550238095,0.716190476
197,14.696875,568,994.2,1360,0.085,0.323809524,0.555904762,0.75047619
198,14.921875,512,1008.2,1288,0.136,0.291428571,0.56947619,0.708571429
199,14.625,640,993,1336,0.094,0.272380952,0.560666667,0.767619048
200,14.11875,480,957.2,1344,0.118,0.241904762,0.544047619,0.756190476
201,13.846875,472,938.6,1384,0.084,0.262857143,0.531047619,0.71047619
202,15.278125,744,1030.8,1600,0.101,0.318095238,0.569095238,0.765714286
203,14.003125,504,950.2,1240,0.078,0.361904762,0.549,0.666666667
204,14.690625,560,995.8,1448,0.085,0.300952381,0.551190476,0.718095238
205,14.040625,592,955.6,1224,0.056,0.268571429,0.513571429,0.67047619
206,14.8,544,998.4,1304,0.069,0.232380952,0.552619048,0.699047619
207,13.6875,544,928,1264,0.08,0.268571429,0.518333333,0.693333333
208,14.9625,296,1013,1336,0.112,0.114285714,0.54752381,0.718095238
209,14.45,424,979,1288,0.068,0.243809524,0.533428571,0.744761905
210,14.7,568,990,1304,0.089,0.272380952,0.541904762,0.697142857
211,14.36875,576,971.4,1448,0.077,0.32,0.52847619,0.76
212,14.53125,456,979.2,1344,0.096,0.264761905,0.541047619,0.742857143
213,14.66875,632,989.8,1392,0.077,0.361904762,0.546285714,0.76952381
214,14.875,480,996.4,1288,0.109,0.264761905,0.546761905,0.735238095
215,14.284375,368,966.8,1480,0.093,0.184761905,0.524714286,0.739047619
216,13.621875,520,928.6,1320,0.087,0.293333333,0.523714286,0.718095238
217,13.18125,472,896.4,1208,0.085,0.2,0.499285714,0.735238095
218,13.46875,528,916.8,1224,0.08,0.243809524,0.505095238,0.700952381
219,14.115625,408,955.2,1344,0.05,0.259047619,0.514428571,0.693333333
220,15.45625,752,1032.8,1320,0.104,0.403809524,0.559761905,0.683809524
221,14.628125,552,988.6,1424,0.092,0.281904762,0.544047619,0.763809524
222,14.94375,312,1006.2,1408,0.086,0.171428571,0.525095238,0.75047619
223,14.421875,608,977.8,1312,0.079,0.363809524,0.53847619,0.731428571
224,14.453125,560,983.4,1368,0.074,0.259047619,0.529857143,0.685714286
225,14.265625,448,961.2,1248,0.108,0.222857143,0.539571429,0.691428571
226,15.065625,736,1016.2,1424,0.079,0.396190476,0.562047619,0.767619048
227,14.859375,432,1005.6,1344,0.065,0.201904762,0.544095238,0.693333333
228,14.15625,344,963,1352,0.067,0.201904762,0.524857143,0.687619048
229,14.73125,288,995.8,1224,0.066,0.131428571,0.546333333,0.687619048
230,14.3625,464,968,1256,0.079,0.293333333,0.546047619,0.731428571
231,14.4625,560,976.6,1288,0.066,0.293333333,0.551714286,0.699047619
232,15.24375,608,1023.6,1328,0.087,0.32952381,0.565904762,0.744761905
233,14.921875,592,1006.8,1400,0.075,0.331428571,0.550190476,0.697142857
234,14.578125,592,990,1304,0.118,0.314285714,0.554095238,0.731428571
235,14.996875,424,1015,1304,0.088,0.205714286,0.545,0.754285714
236,14.50625,432,984.6,1360,0.104,0.238095238,0.543285714,0.735238095
237,15.45625,672,1042.4,1336,0.116,0.382857143,0.578952381,0.744761905
238,14.875,568,1006.2,1376,0.107,0.344761905,0.542857143,0.756190476
239,14.68125,464,991.8,1376,0.08,0.203809524,0.549,0.752380952
240,14.903125,776,1010.4,1376,0.092,0.379047619,0.568285714,0.775238095
241,15.35625,696,1031.6,1552,0.15,0.312380952,0.578571429,0.8
242,14.809375,704,1000.2,1392,0.095,0.405714286,0.557238095,0.731428571
243,15.2375,712,1025.4,1416,0.076,0.348571429,0.570714286,0.803809524
244,14.8625,624,1008.4,1384,0.098,0.300952381,0.54352381,0.666666667
245,14.0875,448,957.2,1384,0.087,0.238095238,0.526571429,0.693333333
246,15.096875,528,1019.6,1504,0.103,0.31047619,0.564952381,0.786666667
247,15.196875,704,1025.4,1400,0.068,0.386666667,0.550619048,0.666666667
248,14.61875,592,990.4,1528,0.06,0.291428571,0.533619048,0.700952381
249,15.25625,648,1028.4,1368,0.127,0.306666667,0.569857143,0.716190476
250,13.996875,488,951.2,1328,0.05,0.243809524,0.510619048,0.731428571
251,14.853125,648,1004.2,1344,0.096,0.377142857,0.555761905,0.695238095
252,15.5625,608,1049.2,1456,0.094,0.35047619,0.565809524,0.765714286
253,14.453125,568,976.2,1392,0.068,0.262857143,0.527857143,0.685714286
254,14.45,640,981.6,1304,0.096,0.308571429,0.538238095,0.716190476
255,14.871875,680,1005,1400,0.073,0.365714286,0.55347619,0.712380952
256,14.89375,544,1009.4,1456,0.068,0.259047619,0.545047619,0.742857143
257,14.678125,472,988.2,1336,0.083,0.226666667,0.542666667,0.683809524
258,14.29375,320,970,1440,0.057,0.179047619,0.537809524,0.735238095
259,14.946875,600,1005.2,1456,0.115,0.356190476,0.554142857,0.780952381
260,15.940625,768,1073.6,1416,0.107,0.401904762,0.589571429,0.727619048
261,15.24375,792,1030.2,1368,0.079,0.411428571,0.55852381,0.721904762
262,15.028125,608,1016.2,1440,0.085,0.291428571,0.536904762,0.681904762
263,15.371875,488,1037.2,1440,0.097,0.27047619,0.576761905,0.758095238
264,14.78125,680,998.4,1376,0.072,0.293333333,0.534095238,0.72
265,14.278125,440,967.2,1368,0.059,0.219047619,0.534619048,0.718095238
266,15.3,552,1035.4,1504,0.081,0.316190476,0.549952381,0.716190476
267,14.85,600,1006.2,1280,0.088,0.32,0.541714286,0.706666667
268,15.171875,656,1024.4,1456,0.077,0.339047619,0.557904762,0.737142857
269,14.96875,728,1012,1376,0.075,0.361904762,0.542285714,0.691428571
270,15.4875,512,1043.6,1416,0.102,0.224761905,0.562095238,0.739047619
271,14.765625,536,998.8,1328,0.066,0.297142857,0.524619048,0.691428571
272,16.2,768,1090.4,1504,0.114,0.43047619,0.58352381,0.721904762
273,15.0125,624,1014,1384,0.102,0.28,0.537571429,0.718095238
274,14.709375,600,994,1320,0.094,0.352380952,0.550571429,0.758095238
275,14.9125,728,1011.4,1424,0.07,0.384761905,0.554095238,0.700952381
276,15.703125,616,1057.8,1424,0.11,0.304761905,0.561428571,0.723809524
277,14.278125,640,965.6,1288,0.076,0.323809524,0.529666667,0.699047619
278,15.825,744,1066.4,1392,0.09,0.36,0.575714286,0.76
279,15.234375,648,1026.6,1360,0.077,0.327619048,0.554142857,0.71047619
280,14.65,456,993.8,1304,0.045,0.260952381,0.554142857,0.693333333
281,15.165625,752,1026,1600,0.075,0.358095238,0.544285714,0.71047619
282,14.990625,752,1010.8,1328,0.09,0.392380952,0.570047619,0.718095238
283,14.99375,720,1009.6,1344,0.09,0.373333333,0.548666667,0.699047619
284,13.9,584,947.2,1352,0.062,0.304761905,0.523571429,0.678095238
285,15.046875,512,1015.8,1288,0.097,0.293333333,0.559952381,0.742857143
286,14.671875,672,986.4,1400,0.058,0.377142857,0.554761905,0.67047619
287,14.440625,624,978,1256,0.083,0.321904762,0.525238095,0.636190476
288,14.84375,792,1000.4,1440,0.072,0.411428571,0.548857143,0.754285714
289,15.021875,584,1011.8,1416,0.077,0.339047619,0.534761905,0.740952381
290,14.946875,744,1011.2,1440,0.062,0.36952381,0.54752381,0.708571429
291,14.5875,744,988.4,1240,0.041,0.375238095,0.523666667,0.64952381
292,15.13125,648,1019.6,1432,0.07,0.327619048,0.539047619,0.699047619
293,13.534375,360,915.8,1192,0.052,0.180952381,0.494952381,0.691428571
294,15.296875,656,1031.4,1352,0.083,0.352380952,0.545285714,0.674285714
295,14.8875,672,1006.8,1424,0.094,0.375238095,0.540666667,0.725714286
296,14.121875,528,955.6,1376,0.072,0.264761905,0.515428571,0.71047619
297,14.509375,488,979.8,1408,0.077,0.220952381,0.531428571,0.748571429
298,14.315625,616,968.4,1488,0.058,0.28,0.517952381,0.725714286
299,13.96875,536,945,1288,0.045,0.274285714,0.511952381,0.676190476
300,13.8,640,935,1320,0.075,0.335238095,0.519761905,0.756190476
301,14.740625,616,993.2,1248,0.075,0.352380952,0.542428571,0.691428571
302,14.1875,544,965.8,1336,0.079,0.203809524,0.533428571,0.687619048
303,14.4,760,974,1352,0.117,0.321904762,0.535571429,0.71047619
304,15.140625,520,1019.8,1336,0.116,0.31047619,0.54652381,0.71047619
305,14.765625,664,998.2,1296,0.091,0.394285714,0.559904762,0.695238095
306,14.43125,496,975.2,1304,0.115,0.331428571,0.547380952,0.702857143
307,14.1625,544,955.4,1272,0.082,0.300952381,0.531238095,0.695238095
308,15.384375,528,1038.4,1336,0.12,0.276190476,0.564714286,0.746666667
309,16.16875,704,1087.4,1392,0.146,0.411428571,0.593904762,0.746666667
310,15.028125,704,1014,1344,0.11,0.373333333,0.563380952,0.687619048
311,14.3375,584,976.2,1392,0.083,0.339047619,0.535333333,0.699047619
312,14.203125,576,958.8,1280,0.072,0.306666667,0.526714286,0.681904762
313,14.815625,528,999.4,1344,0.099,0.262857143,0.543285714,0.76
314,14.4,584,979.4,1416,0.067,0.272380952,0.527238095,0.708571429
315,15.63125,544,1056.6,1336,0.103,0.316190476,0.576428571,0.733333333
316,14.4625,504,970.8,1424,0.071,0.281904762,0.54447619,0.744761905
317,14.475,632,982.6,1360,0.038,0.344761905,0.524857143,0.68952381
318,13.696875,488,933,1256,0.057,0.255238095,0.497190476,0.683809524
319,13.875,600,942,1200,0.047,0.293333333,0.505190476,0.643809524
320,15.034375,640,1020.8,1416,0.09,0.321904762,0.543285714,0.691428571
321,15.01875,512,1013.2,1352,0.067,0.255238095,0.530333333,0.687619048
322,14.01875,464,950.6,1400,0.091,0.226666667,0.505190476,0.687619048
323,13.934375,544,943.2,1280,0.057,0.272380952,0.50047619,0.657142857
324,15.03125,648,1013.4,1336,0.063,0.344761905,0.534428571,0.674285714
325,14.41875,624,977,1432,0.055,0.35047619,0.51847619,0.674285714
326,14.234375,464,967,1296,0.052,0.217142857,0.512904762,0.662857143
327,14.51875,632,980,1320,0.06,0.300952381,0.513,0.672380952
328,13.55625,568,920.2,1352,0.057,0.337142857,0.500142857,0.653333333
329,14.4375,624,976.6,1368,0.051,0.346666667,0.532238095,0.712380952
330,14.478125,520,974.8,1248,0.075,0.356190476,0.537761905,0.666666667
331,14.328125,544,970.2,1376,0.066,0.268571429,0.521380952,0.678095238
332,13.746875,488,936,1296,0.057,0.299047619,0.516857143,0.683809524
333,14.475,680,985.2,1264,0.078,0.327619048,0.540380952,0.721904762
334,15.446875,592,1041,1328,0.1,0.36,0.558714286,0.685714286
335,15.046875,672,1020.2,1352,0.1,0.445714286,0.569714286,0.708571429
336,13.978125,592,949.4,1368,0.05,0.331428571,0.513380952,0.645714286
337,14.59375,464,988.8,1400,0.081,0.205714286,0.533571429,0.742857143
338,14.21875,424,961,1240,0.05,0.220952381,0.532809524,0.659047619
339,14.346875,728,971.4,1312,0.061,0.413333333,0.536619048,0.693333333
340,14.196875,600,958.2,1336,0.068,0.281904762,0.517,0.68
341,13.96875,584,949,1232,0.07,0.32,0.529714286,0.662857143
342,14.3875,616,978.6,1344,0.059,0.281904762,0.517142857,0.645714286
343,14.08125,536,947.2,1192,0.053,0.278095238,0.520285714,0.619047619
344,15.28125,768,1033,1320,0.075,0.4,0.55447619,0.67047619
345,14.55,616,984,1400,0.07,0.358095238,0.52647619,0.752380952
346,14.41875,536,975.4,1280,0.058,0.321904762,0.516666667,0.662857143
347,14.79375,672,995.2,1272,0.065,0.363809524,0.543904762,0.699047619
348,15.8125,736,1068.2,1544,0.088,0.443809524,0.569428571,0.67047619
349,14.6375,672,990.2,1392,0.056,0.375238095,0.540238095,0.731428571
350,15.171875,352,1019,1344,0.092,0.175238095,0.553952381,0.735238095
351,14.003125,448,949.2,1216,0.062,0.196190476,0.527095238,0.699047619
352,13.903125,616,942.6,1288,0.056,0.342857143,0.51947619,0.681904762
353,14.775,536,1001.6,1208,0.074,0.278095238,0.542333333,0.660952381
354,15.3875,704,1033.6,1416,0.057,0.308571429,0.55052381,0.699047619
355,13.590625,544,923,1368,0.046,0.325714286,0.491904762,0.67047619
356,14.8125,568,1003.6,1480,0.075,0.262857143,0.537761905,0.735238095
357,14.23125,632,967.8,1280,0.056,0.316190476,0.521285714,0.687619048
358,15.034375,632,1016.4,1272,0.05,0.226666667,0.539,0.693333333
359,14.2125,512,962.8,1368,0.065,0.268571429,0.520809524,0.699047619
360,13.93125,424,943.4,1336,0.019,0.194285714,0.500047619,0.700952381
361,13.55,552,917,1288,0.044,0.285714286,0.471095238,0.712380952
362,14.75,512,992,1312,0.048,0.236190476,0.530809524,0.674285714
363,15.13125,568,1019.4,1368,0.047,0.259047619,0.540857143,0.699047619
364,15.25625,760,1028.4,1280,0.079,0.339047619,0.552,0.68
365,14.99375,656,1007.4,1320,0.059,0.340952381,0.542428571,0.718095238
366,14.90625,640,1004.8,1424,0.057,0.327619048,0.534666667,0.708571429
367,14.9625,592,1002,1408,0.071,0.312380952,0.544190476,0.672380952
368,14.3625,624,969.6,1352,0.081,0.316190476,0.51652381,0.702857143
369,14.38125,496,973.2,1328,0.074,0.268571429,0.523380952,0.708571429
370,15.771875,648,1060.4,1376,0.09,0.356190476,0.573571429,0.687619048
371,14.228125,712,959.4,1248,0.052,0.335238095,0.524047619,0.662857143
372,14.178125,664,958.2,1320,0.054,0.35047619,0.528857143,0.681904762
373,15.134375,688,1022,1344,0.086,0.331428571,0.547904762,0.693333333
374,15.071875,680,1021,1352,0.06,0.382857143,0.545333333,0.708571429
375,14.35625,712,974.2,1280,0.073,0.386666667,0.538142857,0.672380952
376,13.98125,544,953.2,1288,0.069,0.251428571,0.514333333,0.655238095
377,14.678125,632,990.4,1360,0.069,0.367619048,0.536095238,0.699047619
378,14.134375,424,952,1232,0.049,0.245714286,0.519952381,0.672380952
379,14.740625,680,994.2,1288,0.06,0.35047619,0.548285714,0.666666667
380,15.13125,688,1019.4,1456,0.072,0.348571429,0.550714286,0.702857143
381,14.634375,528,984.8,1464,0.045,0.312380952,0.527619048,0.706666667
382,15.321875,704,1036.8,1400,0.043,0.394285714,0.547952381,0.68
383,14.475,632,975.6,1240,0.062,0.331428571,0.545095238,0.700952381
384,15.08125,528,1022.2,1472,0.094,0.302857143,0.558047619,0.714285714
385,13.60625,472,925.4,1304,0.054,0.234285714,0.505380952,0.702857143
386,14.459375,504,978.8,1392,0.082,0.331428571,0.530619048,0.691428571
387,14.859375,624,1005.8,1304,0.053,0.276190476,0.545,0.735238095
388,13.828125,504,941,1368,0.055,0.247619048,0.521857143,0.659047619
389,14.940625,672,1009.2,1448,0.066,0.316190476,0.548190476,0.737142857
390,13.803125,528,933.8,1144,0.06,0.247619048,0.521,0.68
391,14.46875,456,985,1272,0.068,0.203809524,0.548619048,0.727619048
392,14.875,560,1007,1216,0.052,0.300952381,0.554666667,0.676190476
393,14.465625,752,987.4,1280,0.064,0.386666667,0.535238095,0.699047619
394,14.625,624,988.2,1288,0.061,0.302857143,0.538142857,0.685714286
395,14.303125,512,973,1264,0.065,0.245714286,0.530285714,0.727619048
396,14.1875,600,960.4,1376,0.052,0.358095238,0.519047619,0.714285714
397,14.746875,680,1004.6,1296,0.062,0.361904762,0.534952381,0.723809524
398,14.271875,544,970.6,1224,0.055,0.283809524,0.538428571,0.691428571
399,14.165625,592,959.8,1248,0.053,0.339047619,0.514238095,0.72
400,14.590625,448,990.2,1288,0.064,0.2,0.521714286,0.678095238
401,14.1,328,956,1376,0.046,0.192380952,0.497619048,0.68952381
402,14.6875,712,995.6,1320,0.067,0.339047619,0.541571429,0.714285714
403,14.146875,416,967,1440,0.058,0.24,0.52847619,0.758095238
404,15.234375,648,1028.6,1344,0.075,0.382857143,0.548428571,0.716190476
405,15.34375,552,1037.4,1624,0.105,0.285714286,0.563333333,0.735238095
406,14.96875,552,1015,1416,0.083,0.251428571,0.562904762,0.71047619
407,14.24375,584,967.6,1440,0.07,0.306666667,0.531142857,0.697142857
408,15.875,752,1074.4,1472,0.085,0.434285714,0.564,0.758095238
409,14.890625,656,1012.2,1376,0.081,0.342857143,0.54352381,0.697142857
410,15.275,616,1034.8,1424,0.079,0.358095238,0.562761905,0.723809524
411,15.5875,632,1049.6,1368,0.099,0.40952381,0.577428571,0.718095238
412,14.81875,560,1003.8,1352,0.05,0.32952381,0.540238095,0.664761905
413,15.246875,704,1028.4,1352,0.094,0.342857143,0.562190476,0.695238095
414,14.696875,704,998.4,1360,0.094,0.297142857,0.553142857,0.712380952
415,14.55625,704,987.4,1440,0.07,0.358095238,0.533380952,0.723809524
416,15.365625,456,1038.2,1376,0.105,0.228571429,0.573619048,0.737142857
417,14.415625,696,983.6,1336,0.069,0.4,0.545047619,0.683809524
418,14.340625,616,965,1392,0.036,0.287619048,0.535095238,0.716190476
419,15.08125,712,1016,1456,0.07,0.314285714,0.558,0.71047619
420,15.796875,640,1066.2,1440,0.103,0.348571429,0.574095238,0.746666667
421,15.321875,744,1026.8,1408,0.074,0.401904762,0.554142857,0.668571429
422,14.715625,624,993.4,1304,0.082,0.342857143,0.534714286,0.666666667
423,14.471875,680,980,1376,0.07,0.401904762,0.551761905,0.72952381
424,14.90625,648,1008,1440,0.057,0.392380952,0.55352381,0.740952381
425,15.3875,712,1034.2,1336,0.081,0.331428571,0.558047619,0.695238095
426,15.140625,608,1027.6,1432,0.064,0.358095238,0.554904762,0.716190476
427,15.065625,576,1011.4,1376,0.074,0.35047619,0.53952381,0.659047619
428,15.371875,664,1037.6,1352,0.06,0.291428571,0.551380952,0.702857143
429,13.921875,480,945.6,1256,0.076,0.228571429,0.514714286,0.681904762
430,13.603125,424,927,1232,0.043,0.182857143,0.494190476,0.657142857
431,15.034375,648,1014.8,1432,0.065,0.335238095,0.547285714,0.695238095
432,14.05625,448,951.8,1304,0.047,0.241904762,0.517857143,0.683809524
433,14.578125,704,990,1432,0.047,0.308571429,0.526238095,0.695238095
434,15.20625,568,1026.4,1520,0.07,0.245714286,0.554333333,0.731428571
435,14.00625,496,950.4,1512,0.061,0.274285714,0.51247619,0.712380952
436,14.3,528,970.6,1336,0.068,0.243809524,0.521095238,0.740952381
437,14.821875,536,999.6,1408,0.069,0.287619048,0.534952381,0.739047619
438,13.678125,536,935.4,1432,0.066,0.260952381,0.510428571,0.72952381
439,14.853125,696,1004.6,1480,0.06,0.335238095,0.528190476,0.685714286
440,15.009375,512,1016.8,1368,0.074,0.241904762,0.53152381,0.668571429
441,14.771875,600,1001.6,1376,0.073,0.335238095,0.540190476,0.71047619
442,14.5625,640,989.2,1392,0.074,0.323809524,0.535619048,0.777142857
443,14.34375,640,975.2,1472,0.036,0.342857143,0.529571429,0.748571429
444,15.296875,448,1033.2,1432,0.064,0.251428571,0.56247619,0.76
445,14.35,480,979.2,1344,0.058,0.23047619,0.533142857,0.712380952
446,14.390625,616,977.4,1248,0.051,0.321904762,0.528285714,0.752380952
447,14.484375,544,984,1352,0.073,0.257142857,0.530142857,0.704761905
448,15.38125,664,1043,1408,0.067,0.32,0.552047619,0.733333333
449,14.396875,616,979,1352,0.049,0.299047619,0.526238095,0.735238095
450,15.065625,784,1019,1280,0.069,0.4,0.561952381,0.739047619
451,15.184375,624,1022.2,1392,0.077,0.394285714,0.560190476,0.72952381
452,15.4125,536,1045.2,1400,0.066,0.268571429,0.566571429,0.706666667
453,15.19375,704,1024,1256,0.067,0.373333333,0.563285714,0.716190476
454,15.415625,688,1039,1464,0.077,0.388571429,0.559238095,0.71047619
455,14.74375,640,998.2,1256,0.064,0.331428571,0.559904762,0.71047619
456,14.0875,712,956.4,1368,0.077,0.36,0.549142857,0.712380952
457,15.253125,744,1038.6,1368,0.061,0.415238095,0.571238095,0.67047619
458,14.784375,624,999.2,1368,0.09,0.331428571,0.543190476,0.700952381
459,15.215625,712,1025.2,1216,0.069,0.287619048,0.557619048,0.687619048
460,13.96875,464,948.4,1288,0.059,0.245714286,0.523095238,0.687619048
461,14.925,496,1006.2,1472,0.054,0.224761905,0.540285714,0.767619048
462,14.35625,504,971.4,1368,0.078,0.272380952,0.528571429,0.72952381
463,14.815625,600,1001.4,1432,0.076,0.32952381,0.529809524,0.706666667
464,13.70625,616,929,1280,0.052,0.35047619,0.499904762,0.676190476
465,14.69375,608,993.6,1456,0.072,0.295238095,0.526714286,0.744761905
466,14.775,632,1001.2,1336,0.053,0.333333333,0.530952381,0.674285714
467,14.990625,560,1009,1296,0.085,0.333333333,0.560285714,0.685714286
468,15.178125,736,1024.4,1384,0.089,0.361904762,0.561285714,0.746666667
469,15.121875,728,1016.8,1400,0.068,0.356190476,0.56852381,0.744761905
470,14.3125,616,971.8,1304,0.071,0.356190476,0.54847619,0.735238095
471,13.89375,464,945,1184,0.061,0.299047619,0.545190476,0.678095238
472,14.484375,720,984.2,1352,0.097,0.358095238,0.548666667,0.706666667
473,14.746875,608,998.6,1320,0.07,0.28,0.557380952,0.740952381
474,15.334375,800,1031.6,1416,0.095,0.487619048,0.59052381,0.731428571
475,15.728125,584,1063,1456,0.111,0.361904762,0.591142857,0.746666667
476,15.059375,640,1021,1352,0.107,0.377142857,0.567238095,0.752380952
477,14.946875,640,1012.6,1304,0.08,0.316190476,0.563952381,0.731428571
478,15.0125,600,1014.8,1440,0.092,0.318095238,0.560857143,0.746666667
479,14.15,600,963.6,1256,0.054,0.314285714,0.529095238,0.681904762
480,15.3,688,1033.8,1360,0.098,0.36,0.569238095,0.72952381
481,15.028125,600,1019.8,1464,0.066,0.299047619,0.54947619,0.685714286
482,14.8875,520,1001,1368,0.078,0.312380952,0.539571429,0.731428571
483,14.375,672,978.6,1336,0.063,0.352380952,0.527809524,0.706666667
484,14.84375,552,1004.6,1432,0.094,0.354285714,0.549190476,0.76952381
485,14.034375,520,951,1264,0.056,0.28952381,0.517,0.71047619
486,14.628125,608,991.8,1376,0.094,0.300952381,0.543333333,0.735238095
487,15.09375,512,1019.8,1320,0.088,0.276190476,0.555952381,0.756190476
488,14.759375,528,998.4,1504,0.071,0.308571429,0.534,0.782857143
489,14.578125,544,988,1464,0.062,0.291428571,0.526428571,0.761904762
490,15.7125,744,1060,1304,0.071,0.358095238,0.56247619,0.725714286
491,14.565625,752,982.4,1248,0.063,0.32952381,0.542619048,0.721904762
492,15.540625,576,1050,1392,0.094,0.367619048,0.571428571,0.756190476
493,15.10625,464,1020,1280,0.077,0.295238095,0.552047619,0.676190476
494,14.91875,672,1004.8,1272,0.075,0.396190476,0.541285714,0.674285714
495,14.434375,512,983,1352,0.063,0.224761905,0.541333333,0.71047619
496,15.734375,712,1060.6,1464,0.088,0.352380952,0.561095238,0.75047619
497,14.9125,720,1009.6,1328,0.063,0.375238095,0.553571429,0.672380952
498,15.240625,688,1030,1336,0.077,0.356190476,0.559809524,0.706666667
499,14.5875,616,987.2,1312,0.07,0.371428571,0.548714286,0.716190476
500,15.74375,824,1065,1448,0.063,0.411428571,0.574952381,0.71047619
501,15.884375,680,1073.4,1384,0.06,0.411428571,0.578190476,0.746666667
502,14.53125,648,985.6,1328,0.046,0.365714286,0.543761905,0.71047619
503,15.465625,768,1041.8,1496,0.091,0.375238095,0.564047619,0.784761905
504,14.23125,656,965.6,1248,0.053,0.323809524,0.533761905,0.681904762
505,14.4875,616,982,1480,0.086,0.373333333,0.545904762,0.714285714
506,14.453125,616,981.4,1384,0.064,0.358095238,0.543095238,0.699047619
507,15.865625,776,1065,1344,0.069,0.40952381,0.578666667,0.697142857
508,13.8125,440,939.2,1440,0.056,0.194285714,0.517095238,0.780952381
509,14.746875,520,998.6,1256,0.056,0.333333333,0.537285714,0.676190476
510,14.5375,672,984.6,1368,0.053,0.382857143,0.549047619,0.721904762
511,14.409375,728,972.8,1480,0.049,0.356190476,0.531809524,0.744761905
512,14.8,560,1001.2,1400,0.051,0.287619048,0.527857143,0.674285714
513,13.6125,600,926.6,1208,0.051,0.35047619,0.500952381,0.691428571
514,14.66875,648,995.4,1368,0.059,0.35047619,0.540809524,0.71047619
515,14.99375,768,1011.6,1320,0.04,0.361904762,0.538095238,0.678095238
516,14.60625,704,988.6,1304,0.041,0.382857143,0.528952381,0.76
517,13.95625,544,948.2,1360,0.04,0.306666667,0.507142857,0.687619048
518,14.196875,528,959.2,1216,0.056,0.321904762,0.517904762,0.700952381
519,14.778125,600,999.6,1392,0.061,0.331428571,0.536809524,0.71047619
520,14.540625,608,988.6,1288,0.053,0.283809524,0.524190476,0.676190476
521,13.725,408,929.6,1312,0.052,0.207619048,0.510285714,0.655238095
522,14.20625,448,966,1424,0.043,0.285714286,0.526,0.765714286
523,14.66875,608,990.6,1344,0.041,0.308571429,0.521285714,0.72
524,15.015625,696,1016.6,1360,0.071,0.318095238,0.542714286,0.681904762
525,14.9625,696,1011.4,1328,0.082,0.394285714,0.544142857,0.638095238
526,14.625,704,990.8,1296,0.051,0.379047619,0.522619048,0.676190476
527,14.91875,568,1008.8,1392,0.077,0.28952381,0.532380952,0.683809524
528,14.49375,640,982.8,1248,0.063,0.394285714,0.538761905,0.672380952
529,14.325,600,972.2,1280,0.051,0.274285714,0.510761905,0.693333333
530,14.834375,632,1000.6,1408,0.048,0.302857143,0.53252381,0.72
531,14.759375,568,1003,1320,0.066,0.28,0.54047619,0.699047619
532,14.784375,712,995,1352,0.051,0.361904762,0.544952381,0.674285714
533,15.478125,704,1042.4,1376,0.071,0.346666667,0.559714286,0.693333333
534,15.078125,736,1019.8,1328,0.069,0.43047619,0.553238095,0.674285714
535,15.165625,728,1021.6,1368,0.077,0.415238095,0.551761905,0.716190476
536,14.675,568,993.6,1408,0.054,0.340952381,0.54752381,0.727619048
537,14.434375,544,980,1328,0.065,0.207619048,0.51852381,0.807619048
538,14.5875,616,985.6,1296,0.059,0.323809524,0.530714286,0.76952381
539,14.8875,448,1006.8,1392,0.071,0.238095238,0.523095238,0.68952381
540,14.35625,552,968.6,1416,0.052,0.247619048,0.516285714,0.695238095
541,15.1,496,1021.2,1328,0.045,0.23047619,0.544285714,0.678095238
542,15.29375,552,1036.6,1456,0.071,0.272380952,0.527619048,0.721904762
543,13.83125,536,941.4,1248,0.047,0.285714286,0.499047619,0.687619048
544,14.353125,576,975.6,1320,0.047,0.306666667,0.514428571,0.67047619
545,14.26875,520,968.6,1272,0.043,0.251428571,0.514238095,0.716190476
546,14.8625,648,1004.6,1344,0.047,0.337142857,0.532904762,0.681904762
547,14.59375,656,986.6,1600,0.064,0.337142857,0.521095238,0.777142857
548,14.815625,552,997.8,1240,0.065,0.308571429,0.536952381,0.695238095
549,14.809375,552,1005.6,1344,0.046,0.259047619,0.515,0.700952381
550,14.70625,712,996.2,1352,0.057,0.344761905,0.528095238,0.683809524
551,14.765625,680,1005.2,1488,0.063,0.361904762,0.529428571,0.737142857
552,14.925,392,1015.2,1304,0.059,0.207619048,0.536619048,0.699047619
553,14.434375,608,981.6,1400,0.048,0.342857143,0.519857143,0.75047619
554,15.053125,688,1016.8,1336,0.068,0.35047619,0.550190476,0.744761905
555,14.79375,632,997.4,1392,0.044,0.321904762,0.534047619,0.727619048
556,14.80625,640,999,1448,0.068,0.354285714,0.535857143,0.721904762
557,14.95625,656,1011.8,1408,0.062,0.358095238,0.541190476,0.76952381
558,15.190625,728,1023.8,1512,0.058,0.417142857,0.549809524,0.72
559,14.878125,616,1001,1352,0.056,0.321904762,0.54252381,0.668571429
560,14.559375,600,983.6,1408,0.055,0.266666667,0.527952381,0.72952381
561,15.340625,664,1038.6,1312,0.057,0.380952381,0.542761905,0.681904762
562,14.80625,616,1004.6,1304,0.059,0.306666667,0.519142857,0.683809524
563,14.628125,392,990,1288,0.069,0.182857143,0.519095238,0.674285714
564,14.99375,592,1010.6,1288,0.054,0.300952381,0.539761905,0.668571429
565,14.10625,544,959,1384,0.051,0.312380952,0.515666667,0.731428571
566,15,624,1018.6,1496,0.055,0.36952381,0.526,0.681904762
567,13.509375,576,919.2,1312,0.028,0.31047619,0.49447619,0.714285714
568,14.24375,456,969.2,1336,0.049,0.291428571,0.497190476,0.660952381
569,15.1,680,1022,1432,0.057,0.346666667,0.541,0.737142857
570,14.890625,368,1008.4,1384,0.082,0.20952381,0.529238095,0.697142857
571,14.96875,536,1008.4,1504,0.041,0.241904762,0.522666667,0.702857143
572,14.2,576,962.4,1752,0.059,0.297142857,0.508857143,0.702857143
573,14.084375,456,959.2,1456,0.051,0.247619048,0.503714286,0.712380952
574,14.7875,512,1000.4,1320,0.057,0.259047619,0.543380952,0.699047619
575,14.76875,624,1005.2,1472,0.059,0.331428571,0.533857143,0.714285714
576,14.3875,528,972,1504,0.052,0.291428571,0.519571429,0.714285714
577,15.01875,576,1018.6,1432,0.084,0.333333333,0.534333333,0.742857143
578,14.821875,616,1007,1368,0.05,0.337142857,0.538809524,0.681904762
579,14.90625,720,1007.2,1280,0.062,0.419047619,0.547380952,0.693333333
580,15.225,576,1029.2,1456,0.075,0.346666667,0.546809524,0.697142857
581,14.046875,600,950.2,1336,0.038,0.348571429,0.52347619,0.691428571
582,14.671875,704,994.6,1440,0.057,0.401904762,0.534761905,0.798095238
583,14.19375,504,967.6,1328,0.078,0.293333333,0.524333333,0.68
584,14.815625,568,1002.8,1400,0.085,0.342857143,0.538190476,0.68
585,14.3375,664,975.4,1312,0.093,0.325714286,0.523142857,0.716190476
586,15.79375,696,1067,1416,0.062,0.386666667,0.542190476,0.700952381
587,14.75625,536,995.4,1464,0.057,0.281904762,0.526857143,0.765714286
588,14.509375,440,985,1376,0.082,0.196190476,0.524571429,0.68952381
589,13.453125,672,921.8,1152,0.046,0.363809524,0.495095238,0.647619048
590,14.784375,504,1000.8,1352,0.056,0.222857143,0.533857143,0.683809524
591,14.575,584,981.6,1344,0.07,0.356190476,0.538761905,0.72
592,14.559375,664,991.2,1472,0.068,0.354285714,0.517142857,0.683809524
593,14.56875,560,986.4,1392,0.054,0.266666667,0.521142857,0.702857143
594,13.996875,632,953.6,1368,0.044,0.299047619,0.502857143,0.647619048
595,14.665625,672,992,1408,0.045,0.363809524,0.52647619,0.68952381
596,14.85625,568,1006.2,1256,0.068,0.281904762,0.537,0.699047619
597,14.690625,624,997.2,1320,0.044,0.281904762,0.523285714,0.718095238
598,14.5125,544,983.6,1336,0.058,0.245714286,0.518809524,0.651428571
599,15.234375,704,1022.8,1488,0.08,0.335238095,0.541380952,0.723809524
600,14.81875,496,1003,1320,0.077,0.27047619,0.531714286,0.702857143
601,14.3625,704,973,1320,0.066,0.321904762,0.503238095,0.674285714
602,14.8625,584,1004.6,1432,0.062,0.293333333,0.529857143,0.712380952
603,15.15,608,1024.2,1368,0.051,0.333333333,0.530809524,0.645714286
604,13.4875,448,916.4,1296,0.045,0.222857143,0.496238095,0.691428571
605,14.49375,608,976.6,1456,0.065,0.327619048,0.527285714,0.68
606,13.9375,568,948.4,1264,0.076,0.245714286,0.508190476,0.706666667
607,15,640,1011.6,1416,0.1,0.380952381,0.545333333,0.68952381
608,14.353125,640,977.2,1272,0.061,0.31047619,0.507952381,0.620952381
609,13.446875,480,918.2,1200,0.034,0.241904762,0.483714286,0.638095238
610,14.984375,544,1011.4,1360,0.064,0.285714286,0.539857143,0.664761905
611,14.515625,656,978,1264,0.085,0.306666667,0.54047619,0.68952381
612,14.575,528,987.6,1432,0.075,0.251428571,0.526428571,0.695238095
613,14.315625,672,968.2,1288,0.082,0.31047619,0.530047619,0.742857143
614,14.66875,632,988.8,1336,0.071,0.291428571,0.535190476,0.763809524
615,14.48125,680,978.4,1288,0.074,0.352380952,0.543666667,0.708571429
616,14.890625,552,1005.4,1352,0.101,0.325714286,0.549333333,0.731428571
617,14.58125,688,989.8,1224,0.083,0.407619048,0.547714286,0.693333333
618,14.16875,472,965.2,1224,0.09,0.266666667,0.530428571,0.685714286
619,14.628125,512,989.6,1280,0.089,0.234285714,0.54152381,0.704761905
620,14.5875,632,986.2,1296,0.088,0.31047619,0.539666667,0.666666667
621,14.078125,520,962,1392,0.063,0.259047619,0.524380952,0.721904762
622,15,688,1008.6,1408,0.072,0.371428571,0.530380952,0.657142857
623,14.93125,736,1008.6,1328,0.076,0.348571429,0.547142857,0.712380952
624,13.98125,576,950.8,1248,0.055,0.314285714,0.520809524,0.660952381
625,13.91875,424,946.6,1216,0.061,0.217142857,0.499761905,0.651428571
626,14.178125,616,959.2,1280,0.052,0.31047619,0.515714286,0.678095238
627,14.7375,712,999.4,1304,0.075,0.340952381,0.535285714,0.668571429
628,13.690625,568,930,1312,0.034,0.300952381,0.496380952,0.700952381
629,15.3875,576,1041,1304,0.064,0.36952381,0.538714286,0.651428571
630,15.05625,592,1018.8,1464,0.06,0.304761905,0.53847619,0.708571429
631,14.321875,608,973.4,1312,0.057,0.318095238,0.498952381,0.68
632,13.925,472,945,1224,0.065,0.274285714,0.504571429,0.68
633,13.46875,464,919.2,1136,0.053,0.259047619,0.486809524,0.634285714
634,14.084375,552,959.2,1368,0.052,0.24,0.492619048,0.681904762
635,13.9625,464,949,1512,0.057,0.182857143,0.492952381,0.725714286
636,14.23125,624,966.6,1256,0.058,0.363809524,0.515952381,0.634285714
637,14.81875,632,1003.2,1456,0.066,0.337142857,0.535190476,0.68952381
638,13.9875,632,952.2,1264,0.077,0.316190476,0.512761905,0.67047619
639,14.546875,592,980.4,1336,0.061,0.293333333,0.527380952,0.64952381
640,14.94375,696,1011.4,1320,0.074,0.327619048,0.517761905,0.681904762
641,14.815625,616,1002.8,1448,0.037,0.323809524,0.524,0.733333333
642,13.8125,624,939.6,1216,0.04,0.373333333,0.501571429,0.67047619
643,14.728125,544,999,1416,0.056,0.403809524,0.522761905,0.700952381
644,14.359375,544,975.4,1416,0.054,0.323809524,0.513333333,0.714285714
645,14.06875,552,957.4,1320,0.041,0.312380952,0.499904762,0.687619048
646,15.253125,592,1031.6,1512,0.057,0.346666667,0.534047619,0.75047619
647,14.796875,728,998.4,1384,0.048,0.363809524,0.530619048,0.763809524
648,14.453125,672,979.8,1192,0.046,0.260952381,0.523761905,0.674285714
649,14.778125,736,995.4,1312,0.047,0.32952381,0.533666667,0.754285714
650,13.33125,352,904.8,1320,0.029,0.131428571,0.476714286,0.668571429
651,14.440625,440,981.6,1280,0.044,0.186666667,0.518285714,0.687619048
652,14.765625,352,1001.4,1424,0.059,0.16,0.521428571,0.64952381
653,14.571875,576,981.4,1336,0.027,0.28952381,0.505285714,0.664761905
654,14.315625,352,972.2,1256,0.052,0.131428571,0.518333333,0.674285714
655,14.5125,680,980.8,1328,0.035,0.365714286,0.517857143,0.643809524
656,15.196875,632,1024.8,1440,0.062,0.278095238,0.534619048,0.699047619
657,14.053125,536,952.6,1336,0.043,0.302857143,0.511809524,0.68
658,15.109375,688,1020.4,1384,0.044,0.358095238,0.535571429,0.660952381
659,14.578125,632,984.8,1280,0.045,0.36,0.518095238,0.716190476
660,14.596875,640,988.8,1344,0.055,0.316190476,0.511142857,0.660952381
661,15.040625,568,1017.2,1384,0.063,0.316190476,0.534380952,0.733333333
662,14.946875,696,1013.6,1424,0.046,0.335238095,0.531857143,0.718095238
663,14.140625,472,960.6,1224,0.046,0.245714286,0.519428571,0.655238095
664,15.23125,704,1024.8,1288,0.041,0.342857143,0.537190476,0.683809524
665,14.50625,496,980.8,1448,0.062,0.222857143,0.516095238,0.702857143
666,14.690625,504,998.6,1336,0.073,0.253333333,0.527333333,0.691428571
667,14.36875,624,974.2,1368,0.041,0.32,0.51,0.691428571
668,14.546875,496,982,1216,0.025,0.245714286,0.51347619,0.672380952
669,15.825,664,1064.8,1424,0.076,0.331428571,0.56047619,0.695238095
670,13.996875,472,951.2,1352,0.057,0.219047619,0.501238095,0.693333333
671,15.34375,736,1039.8,1384,0.086,0.424761905,0.555904762,0.72
672,15.046875,384,1017.2,1336,0.075,0.165714286,0.542952381,0.718095238
673,14.75625,608,997.2,1288,0.063,0.314285714,0.532047619,0.706666667
674,14.7,744,988.8,1280,0.053,0.363809524,0.529238095,0.664761905
675,14.271875,640,968.2,1448,0.067,0.247619048,0.514904762,0.721904762
676,13.484375,480,917.2,1264,0.032,0.215238095,0.49547619,0.699047619
677,15.253125,704,1028.8,1280,0.061,0.365714286,0.55052381,0.676190476
678,14.634375,464,987.8,1344,0.057,0.241904762,0.531095238,0.740952381
679,14.546875,608,982,1360,0.049,0.245714286,0.512285714,0.708571429
680,14.83125,408,1004.8,1416,0.041,0.215238095,0.517285714,0.708571429
681,14.240625,592,960.6,1464,0.053,0.264761905,0.508142857,0.716190476
682,15.271875,640,1029.2,1456,0.06,0.314285714,0.554380952,0.68952381
683,13.753125,560,933.6,1272,0.039,0.281904762,0.497238095,0.659047619
684,13.940625,536,944.8,1264,0.043,0.211428571,0.501714286,0.700952381
685,13.58125,488,922.4,1392,0.037,0.24952381,0.473619048,0.64952381
686,14.509375,472,983.4,1400,0.053,0.245714286,0.516571429,0.71047619
687,13.809375,408,936.6,1328,0.04,0.16,0.499380952,0.691428571
688,13.734375,592,934.4,1280,0.041,0.308571429,0.501142857,0.683809524
689,14.49375,640,978.8,1352,0.042,0.32952381,0.512857143,0.693333333
690,13.9625,392,945.2,1368,0.05,0.196190476,0.49352381,0.683809524
691,13.984375,608,945.6,1336,0.027,0.24952381,0.506714286,0.737142857
692,14.178125,448,961.6,1280,0.021,0.238095238,0.499571429,0.699047619
693,13.93125,448,949.2,1280,0.045,0.257142857,0.515380952,0.72
694,13.790625,392,936,1392,0.045,0.184761905,0.500761905,0.704761905
695,14.0625,560,952,1544,0.037,0.339047619,0.503095238,0.748571429
696,14.1375,544,956.4,1304,0.031,0.272380952,0.510952381,0.683809524
697,13.30625,568,905.2,1232,0.034,0.32,0.482095238,0.645714286
698,13.75,576,933.2,1368,0.033,0.293333333,0.496,0.662857143
699,13.6875,536,933.2,1352,0.046,0.285714286,0.491428571,0.64952381
700,14.725,712,1001.8,1336,0.055,0.358095238,0.528761905,0.702857143
701,13.209375,544,903,1432,0.023,0.291428571,0.490333333,0.72952381
702,13.659375,560,930.6,1352,0.037,0.32,0.493904762,0.697142857
703,14.296875,632,967.6,1272,0.037,0.36952381,0.508857143,0.68
704,14.74375,616,995,1384,0.047,0.276190476,0.521571429,0.752380952
705,14.384375,584,970.8,1320,0.021,0.316190476,0.506809524,0.67047619
706,14.796875,624,1000.2,1392,0.048,0.32,0.520761905,0.72952381
707,13.79375,512,936.8,1344,0.028,0.274285714,0.498857143,0.71047619
708,14.83125,552,1003.8,1256,0.038,0.232380952,0.525666667,0.672380952
709,14.00625,352,945,1416,0.04,0.194285714,0.49247619,0.700952381
710,14.1625,488,952.8,1368,0.039,0.232380952,0.505095238,0.704761905
711,14.175,672,961,1504,0.036,0.321904762,0.499714286,0.685714286
712,13.6625,440,926.8,1328,0.017,0.266666667,0.485571429,0.638095238
713,14.39375,680,972.8,1360,0.045,0.358095238,0.519190476,0.725714286
714,13.809375,640,941,1296,0.027,0.340952381,0.490857143,0.699047619
715,13.4625,552,915.2,1296,0.047,0.274285714,0.495666667,0.72
716,14.38125,600,978,1456,0.031,0.299047619,0.500333333,0.71047619
717,13.0875,576,891.2,1232,0.019,0.272380952,0.466285714,0.617142857
718,13.725,368,927.8,1416,0.033,0.16,0.48652381,0.660952381
719,13.271875,504,902.2,1232,0.032,0.226666667,0.47152381,0.607619048
720,13.375,352,906.8,1328,0.028,0.182857143,0.479904762,0.668571429
721,14.515625,616,980.8,1312,0.03,0.306666667,0.515428571,0.699047619
722,14.6875,584,993,1400,0.044,0.272380952,0.503333333,0.636190476
723,13.696875,480,929.4,1296,0.023,0.257142857,0.489714286,0.647619048
724,14.93125,752,1006,1328,0.053,0.396190476,0.53152381,0.685714286
725,13.703125,400,929.6,1320,0.024,0.219047619,0.477952381,0.704761905
726,14.790625,552,996.8,1328,0.031,0.274285714,0.523047619,0.678095238
727,13.91875,536,941,1280,0.023,0.24,0.497190476,0.659047619
728,14.31875,584,975.2,1176,0.04,0.28,0.506666667,0.683809524
729,14.10625,632,953.8,1272,0.044,0.281904762,0.502428571,0.714285714
730,14.659375,576,992.8,1400,0.042,0.312380952,0.511809524,0.659047619
731,14.28125,448,960.8,1408,0.043,0.184761905,0.516238095,0.676190476
732,13.371875,392,913.4,1312,0.034,0.20952381,0.476142857,0.668571429
733,14.946875,720,1010.6,1360,0.049,0.375238095,0.540952381,0.72
734,13.521875,496,917,1576,0.039,0.28,0.492428571,0.718095238
735,14.809375,704,1000.2,1368,0.052,0.287619048,0.525952381,0.718095238
736,14.4375,608,970.6,1304,0.049,0.333333333,0.521095238,0.695238095
737,14.665625,632,995.8,1336,0.048,0.323809524,0.52647619,0.75047619
738,14.53125,648,984,1264,0.04,0.285714286,0.536666667,0.678095238
739,14.796875,664,1001.8,1248,0.05,0.340952381,0.537142857,0.706666667
740,14.603125,672,991,1344,0.043,0.392380952,0.530809524,0.676190476
741,15.38125,624,1036.2,1384,0.078,0.306666667,0.549619048,0.71047619
742,14.221875,760,956.6,1192,0.049,0.39047619,0.524619048,0.683809524
743,15.0375,624,1016.4,1440,0.052,0.352380952,0.536,0.718095238
744,14.696875,608,997.8,1480,0.04,0.295238095,0.539428571,0.706666667
745,14.571875,656,981.8,1344,0.031,0.367619048,0.521095238,0.706666667
746,13.828125,448,940.4,1448,0.036,0.278095238,0.508666667,0.712380952
747,14.540625,688,986.2,1576,0.029,0.348571429,0.526095238,0.706666667
748,13.959375,640,942.8,1288,0.043,0.295238095,0.495619048,0.643809524
749,14.29375,632,968.2,1344,0.051,0.344761905,0.516190476,0.674285714
750,13.61875,592,926.4,1240,0.042,0.276190476,0.496380952,0.668571429
751,15.178125,720,1024,1312,0.051,0.339047619,0.537666667,0.716190476
752,14.028125,504,952.2,1248,0.035,0.251428571,0.49747619,0.662857143
753,13.734375,584,935.8,1432,0.041,0.291428571,0.487666667,0.697142857
754,13.55,488,918.4,1328,0.026,0.238095238,0.490380952,0.662857143
755,13.6875,440,929,1384,0.032,0.20952381,0.494857143,0.68
756,13.934375,464,938.6,1264,0.032,0.259047619,0.498047619,0.72
757,14.409375,560,972.4,1472,0.047,0.300952381,0.500809524,0.740952381
758,14.734375,496,993.2,1440,0.057,0.300952381,0.519619048,0.746666667
759,13.746875,544,937,1312,0.023,0.251428571,0.488857143,0.761904762
760,14.228125,512,963,1296,0.046,0.274285714,0.514047619,0.697142857
761,14.240625,528,959.6,1416,0.051,0.262857143,0.510047619,0.702857143
762,13.51875,480,914.6,1408,0.038,0.297142857,0.504952381,0.700952381
763,14.046875,616,948.8,1376,0.031,0.291428571,0.512333333,0.733333333
764,14.8,608,1001.4,1360,0.067,0.297142857,0.553190476,0.71047619
765,14.646875,680,990.8,1376,0.054,0.361904762,0.530904762,0.714285714
766,14.3,664,969,1288,0.057,0.405714286,0.533285714,0.685714286
767,14.05625,664,951.6,1320,0.046,0.365714286,0.518761905,0.67047619
768,14.55,584,979,1536,0.051,0.31047619,0.530666667,0.695238095
769,14.33125,584,966,1584,0.051,0.304761905,0.52347619,0.752380952
770,14.5125,632,983.6,1328,0.048,0.299047619,0.518,0.681904762
771,15.171875,536,1024.8,1448,0.058,0.241904762,0.518666667,0.723809524
772,13.9625,584,947.2,1184,0.036,0.321904762,0.507095238,0.660952381
773,14.103125,568,959,1296,0.065,0.304761905,0.50252381,0.655238095
774,13.978125,528,946.6,1304,0.029,0.245714286,0.498142857,0.674285714
775,14.2125,528,964.6,1368,0.051,0.259047619,0.50347619,0.68952381
776,13.2875,480,905.8,1544,0.031,0.213333333,0.475047619,0.773333333
777,14.115625,568,953.2,1408,0.046,0.327619048,0.504380952,0.72
778,13.91875,560,945,1248,0.044,0.302857143,0.493142857,0.685714286
779,15.0875,488,1019.2,1328,0.094,0.247619048,0.535571429,0.754285714
780,14.29375,600,968.2,1352,0.047,0.28,0.497619048,0.685714286
781,14.040625,544,950.2,1352,0.071,0.27047619,0.507238095,0.72952381
782,14.10625,632,954.8,1472,0.057,0.337142857,0.515952381,0.723809524
783,14.51875,608,981.4,1248,0.051,0.253333333,0.521619048,0.668571429
784,14.684375,768,998,1504,0.068,0.407619048,0.544952381,0.723809524
785,15.40625,624,1040,1440,0.081,0.287619048,0.544428571,0.693333333
786,13.90625,480,944.2,1360,0.061,0.272380952,0.516142857,0.681904762
787,13.55625,512,924.4,1312,0.065,0.260952381,0.502857143,0.706666667
788,15.10625,696,1016.8,1424,0.102,0.39047619,0.560428571,0.731428571
789,14.7,616,1000,1384,0.068,0.367619048,0.54952381,0.706666667
790,13.4125,552,914.6,1344,0.049,0.274285714,0.508666667,0.683809524
791,14.934375,704,1010.2,1416,0.083,0.363809524,0.555,0.779047619
792,14.84375,728,1003.4,1344,0.079,0.384761905,0.548619048,0.71047619
793,14.759375,416,1003,1504,0.085,0.211428571,0.53847619,0.695238095
794,14.69375,528,994.4,1288,0.073,0.259047619,0.53952381,0.68952381
795,14.10625,480,954.6,1416,0.053,0.245714286,0.513142857,0.754285714
796,13.59375,328,927.8,1184,0.045,0.188571429,0.497809524,0.674285714
797,14.25625,536,969.4,1256,0.07,0.293333333,0.524047619,0.699047619
798,15.053125,696,1018.6,1360,0.065,0.354285714,0.551,0.756190476
799,14.45625,616,981.6,1392,0.075,0.306666667,0.532952381,0.706666667
800,14.21875,592,967.8,1288,0.057,0.316190476,0.513380952,0.659047619
801,14.278125,544,967.8,1376,0.051,0.241904762,0.510952381,0.723809524
802,14.653125,680,995.4,1376,0.08,0.352380952,0.543952381,0.706666667
803,14.109375,624,957.2,1312,0.065,0.31047619,0.530333333,0.725714286
804,14.6625,512,996.2,1448,0.085,0.297142857,0.534190476,0.784761905
805,14.45,520,978.6,1296,0.095,0.272380952,0.539761905,0.72952381
806,14.471875,640,977,1416,0.066,0.333333333,0.545142857,0.752380952
807,14.6125,680,991.4,1488,0.058,0.344761905,0.540285714,0.725714286
808,14.375,608,977.4,1312,0.066,0.318095238,0.542809524,0.727619048
809,14.896875,640,1009.6,1368,0.056,0.377142857,0.548238095,0.746666667
810,15.16875,640,1024.4,1384,0.066,0.302857143,0.555142857,0.687619048
811,13.96875,664,951.2,1320,0.072,0.348571429,0.519666667,0.742857143
812,14.575,648,991,1496,0.081,0.335238095,0.529619048,0.8
813,14.609375,696,993.8,1408,0.045,0.380952381,0.547095238,0.693333333
814,13.51875,632,920.2,1160,0.052,0.367619048,0.513047619,0.672380952
815,14.80625,624,1006.2,1504,0.069,0.297142857,0.539333333,0.742857143
816,14.76875,696,1001.2,1616,0.051,0.306666667,0.540190476,0.735238095
817,15.153125,680,1025.4,1480,0.094,0.39047619,0.55647619,0.813333333
818,14.909375,608,1009.4,1392,0.079,0.337142857,0.549619048,0.735238095
819,14.153125,504,963,1384,0.055,0.295238095,0.524952381,0.699047619
820,14.675,560,993,1416,0.088,0.255238095,0.533380952,0.76
821,14.26875,592,969.4,1496,0.058,0.323809524,0.534571429,0.723809524
822,14.5,624,989.2,1344,0.04,0.268571429,0.539380952,0.735238095
823,14.2625,624,966.2,1288,0.046,0.337142857,0.53247619,0.676190476
824,14.921875,496,1009.2,1376,0.089,0.285714286,0.548047619,0.72
825,14.021875,576,957.6,1392,0.075,0.302857143,0.525095238,0.731428571
826,14.1375,432,957.8,1336,0.069,0.20952381,0.528,0.788571429
827,14.1375,616,962.4,1256,0.077,0.348571429,0.541571429,0.704761905
828,14.678125,608,997.4,1424,0.101,0.293333333,0.546380952,0.725714286
829,14.45625,632,983.2,1408,0.064,0.371428571,0.523619048,0.746666667
830,14.384375,544,975.4,1488,0.092,0.266666667,0.54,0.794285714
831,14.525,648,987.4,1344,0.042,0.339047619,0.540238095,0.771428571
832,14.48125,640,978.8,1304,0.097,0.346666667,0.556190476,0.737142857
833,14.55,568,991.2,1360,0.105,0.285714286,0.545142857,0.75047619
834,14.971875,656,1014.8,1336,0.08,0.327619048,0.552142857,0.700952381
835,14.6625,664,991,1344,0.097,0.356190476,0.550619048,0.754285714
836,14.925,648,1011.4,1440,0.077,0.306666667,0.541380952,0.76
837,14.73125,672,999.2,1256,0.082,0.405714286,0.564333333,0.727619048
838,14.396875,584,974.8,1336,0.087,0.352380952,0.545380952,0.733333333
839,14.446875,592,979.2,1376,0.063,0.342857143,0.535333333,0.731428571
840,13.503125,616,921.2,1248,0.064,0.31047619,0.503666667,0.691428571
841,14.3375,640,975.4,1336,0.076,0.31047619,0.53952381,0.725714286
842,14.9375,608,1011.2,1528,0.093,0.371428571,0.558380952,0.79047619
843,14.575,744,988,1352,0.069,0.340952381,0.537238095,0.763809524
844,15.590625,656,1052.8,1592,0.113,0.295238095,0.559238095,0.718095238
845,14.921875,680,1008.2,1376,0.094,0.331428571,0.550904762,0.771428571
846,14.98125,632,1013,1320,0.091,0.274285714,0.551904762,0.739047619
847,15.240625,744,1027,1352,0.095,0.415238095,0.562047619,0.756190476
848,15.003125,504,1010.6,1352,0.075,0.255238095,0.562714286,0.72
849,14.084375,656,961.6,1256,0.052,0.293333333,0.523952381,0.67047619
850,15.021875,704,1018.6,1288,0.052,0.352380952,0.543380952,0.68952381
851,14.653125,400,992.6,1408,0.063,0.173333333,0.540428571,0.742857143
852,14.7625,680,1004,1256,0.07,0.348571429,0.538380952,0.681904762
853,14.846875,560,1008.2,1360,0.062,0.241904762,0.537190476,0.700952381
854,14.43125,680,977,1368,0.068,0.318095238,0.528333333,0.71047619
855,14.4875,512,983.4,1312,0.083,0.306666667,0.54452381,0.72952381
856,14.325,416,971.2,1544,0.046,0.251428571,0.525142857,0.727619048
857,14.540625,576,985,1352,0.058,0.287619048,0.520809524,0.727619048
858,14.88125,480,1008.2,1328,0.059,0.203809524,0.542904762,0.782857143
859,14.278125,648,962.6,1416,0.061,0.287619048,0.532952381,0.691428571
860,14.815625,560,1007.4,1320,0.054,0.293333333,0.552,0.695238095
861,14.521875,552,982,1432,0.067,0.268571429,0.534095238,0.737142857
862,15.359375,728,1038.8,1288,0.072,0.344761905,0.555,0.758095238
863,14.446875,480,980.8,1296,0.073,0.215238095,0.53647619,0.740952381
864,13.696875,544,935.2,1264,0.038,0.297142857,0.523571429,0.714285714
865,15.146875,640,1025.6,1312,0.078,0.36952381,0.54852381,0.735238095
866,14.33125,608,970.2,1488,0.042,0.283809524,0.526095238,0.693333333
867,14.303125,544,975.4,1416,0.068,0.253333333,0.527285714,0.758095238
868,14.38125,760,973.2,1264,0.069,0.365714286,0.54152381,0.706666667
869,15.159375,520,1024,1424,0.084,0.24,0.546809524,0.773333333
870,13.68125,424,928.6,1240,0.035,0.251428571,0.508047619,0.706666667
871,14.196875,560,962.2,1264,0.039,0.238095238,0.517238095,0.695238095
872,14.8625,672,998.2,1376,0.069,0.342857143,0.552142857,0.693333333
873,14.653125,712,988.2,1352,0.046,0.361904762,0.523952381,0.695238095
874,13.975,616,948,1400,0.043,0.327619048,0.501904762,0.714285714
875,14.7125,704,994.8,1400,0.064,0.39047619,0.554285714,0.702857143
876,15.01875,632,1012.2,1472,0.068,0.32952381,0.553761905,0.731428571
877,14.696875,504,998.4,1512,0.061,0.24,0.524571429,0.748571429
878,14.759375,728,1001.6,1288,0.064,0.4,0.554809524,0.704761905
879,15.059375,672,1016,1344,0.089,0.384761905,0.555857143,0.72
880,14.865625,504,1005,1488,0.057,0.219047619,0.538809524,0.723809524
881,14.78125,576,999.2,1536,0.063,0.287619048,0.549428571,0.71047619
882,14.871875,472,1008.8,1464,0.071,0.238095238,0.547714286,0.725714286
883,15.04375,656,1017,1336,0.072,0.373333333,0.55352381,0.740952381
884,15.596875,688,1051.6,1336,0.101,0.327619048,0.586285714,0.746666667
885,15.2875,688,1036,1360,0.088,0.32952381,0.559619048,0.76952381
886,14.85,752,1006,1360,0.056,0.36,0.556714286,0.763809524
887,13.95625,264,949.4,1344,0.051,0.142857143,0.517333333,0.651428571
888,14.803125,536,1003.6,1584,0.071,0.333333333,0.549285714,0.735238095
889,14.528125,688,985,1264,0.06,0.36,0.535285714,0.678095238
890,14.421875,600,981.4,1360,0.059,0.316190476,0.533809524,0.742857143
891,14.915625,672,1007.8,1400,0.091,0.377142857,0.55352381,0.746666667
892,15.15625,592,1024.8,1448,0.072,0.354285714,0.538571429,0.71047619
893,14.578125,680,985.2,1328,0.067,0.424761905,0.547047619,0.721904762
894,14.89375,592,1006.8,1432,0.065,0.361904762,0.550142857,0.731428571
895,14.78125,432,999.8,1368,0.074,0.24952381,0.542666667,0.75047619
896,14.66875,544,994.6,1488,0.059,0.348571429,0.549190476,0.72
897,15.265625,584,1029.6,1288,0.049,0.285714286,0.558095238,0.672380952
898,14.490625,720,980.8,1416,0.072,0.405714286,0.538047619,0.737142857
899,14.88125,664,1007,1288,0.076,0.379047619,0.546761905,0.704761905
900,14.93125,624,1003.2,1440,0.075,0.352380952,0.543666667,0.681904762
901,14.640625,472,990.4,1552,0.062,0.293333333,0.537809524,0.731428571
902,14.68125,632,995,1432,0.038,0.379047619,0.537142857,0.699047619
903,14.625,664,987.4,1368,0.083,0.306666667,0.536904762,0.699047619
904,15.28125,672,1028.6,1408,0.078,0.396190476,0.555952381,0.714285714
905,15.015625,712,1016.4,1432,0.06,0.396190476,0.534380952,0.723809524
906,14.575,304,983.2,1576,0.053,0.15047619,0.528857143,0.714285714
907,14.83125,544,999.4,1296,0.05,0.32,0.541428571,0.777142857
908,15.0875,544,1019,1368,0.055,0.297142857,0.542380952,0.712380952
909,15.265625,712,1030.8,1408,0.087,0.371428571,0.564666667,0.691428571
910,15.19375,464,1026.2,1328,0.083,0.20952381,0.551047619,0.716190476
911,14.4875,664,976.2,1448,0.044,0.337142857,0.533952381,0.657142857
912,15.0625,720,1012.2,1432,0.09,0.373333333,0.556047619,0.786666667
913,14.959375,512,1006.2,1384,0.086,0.28952381,0.529,0.697142857
914,15.303125,768,1032.8,1424,0.043,0.4,0.546571429,0.699047619
915,14.84375,536,1004.2,1352,0.074,0.297142857,0.53847619,0.721904762
916,13.8875,536,945,1272,0.05,0.321904762,0.493619048,0.727619048
917,13.9,584,945,1304,0.045,0.337142857,0.507619048,0.676190476
918,13.615625,608,923.6,1296,0.034,0.293333333,0.495666667,0.699047619
919,14.371875,512,971.2,1352,0.066,0.278095238,0.515333333,0.678095238
920,14.5875,664,990,1328,0.073,0.35047619,0.545857143,0.72952381
921,14.903125,664,1007.2,1352,0.06,0.352380952,0.54047619,0.735238095
922,14.359375,504,976.2,1240,0.072,0.262857143,0.52852381,0.704761905
923,14,608,948.6,1312,0.064,0.295238095,0.512095238,0.700952381
924,14.784375,592,995,1368,0.072,0.304761905,0.524904762,0.756190476
925,14.203125,528,962.8,1288,0.065,0.264761905,0.50852381,0.668571429
926,13.91875,560,941.6,1496,0.066,0.28952381,0.502333333,0.712380952
927,13.796875,440,935.8,1280,0.045,0.232380952,0.485095238,0.676190476
928,13.20625,440,904.6,1232,0.05,0.245714286,0.479,0.638095238
929,14.3375,440,977.6,1304,0.058,0.24,0.51947619,0.68952381
930,14.290625,584,969.6,1296,0.05,0.314285714,0.510333333,0.67047619
931,14.05,560,953.6,1416,0.056,0.236190476,0.500333333,0.676190476
932,14.56875,664,988.4,1360,0.055,0.32952381,0.519666667,0.659047619
933,14.103125,640,957.6,1288,0.071,0.323809524,0.507666667,0.674285714
934,15.14375,720,1025,1344,0.064,0.363809524,0.528095238,0.721904762
935,14.846875,688,1005.8,1424,0.076,0.36,0.544571429,0.700952381
936,15.021875,776,1018.6,1296,0.074,0.379047619,0.553142857,0.735238095
937,14.69375,584,996.8,1456,0.061,0.299047619,0.521857143,0.735238095
938,14.825,504,996.2,1400,0.044,0.260952381,0.527380952,0.683809524
939,15.009375,632,1014.2,1296,0.065,0.335238095,0.540714286,0.678095238
940,15.528125,688,1045,1336,0.057,0.367619048,0.545190476,0.657142857
941,13.946875,504,944.4,1344,0.063,0.28952381,0.503571429,0.706666667
942,14.2875,568,969.2,1304,0.069,0.287619048,0.520285714,0.657142857
943,14.196875,512,959.2,1360,0.059,0.306666667,0.516619048,0.721904762
944,14.99375,552,1014.4,1264,0.061,0.318095238,0.543428571,0.683809524
945,14.459375,480,982.6,1632,0.057,0.213333333,0.516666667,0.739047619
946,14.575,632,984,1288,0.042,0.260952381,0.527285714,0.723809524
947,14.54375,600,980.8,1336,0.042,0.318095238,0.511047619,0.662857143
948,14.559375,536,988,1368,0.052,0.236190476,0.521714286,0.718095238
949,14.93125,560,1010.8,1304,0.067,0.306666667,0.524761905,0.660952381
950,14.546875,608,980.6,1312,0.089,0.297142857,0.537857143,0.708571429
951,14.609375,608,986.6,1320,0.056,0.361904762,0.541571429,0.71047619
952,13.903125,592,946.2,1352,0.043,0.278095238,0.507666667,0.716190476
953,13.946875,648,946,1416,0.078,0.346666667,0.520190476,0.737142857
954,14.7875,296,998.4,1312,0.076,0.175238095,0.537285714,0.683809524
955,13.8375,456,941.4,1272,0.064,0.171428571,0.503761905,0.660952381
956,14.478125,512,977,1480,0.064,0.257142857,0.515857143,0.706666667
957,13.403125,480,913.2,1376,0.057,0.236190476,0.490095238,0.765714286
958,14.628125,536,993.2,1368,0.059,0.228571429,0.52252381,0.695238095
959,13.978125,384,947,1328,0.055,0.139047619,0.506904762,0.676190476
960,14.796875,576,999.4,1512,0.064,0.302857143,0.519428571,0.716190476
961,13.94375,232,941.2,1336,0.054,0.121904762,0.500666667,0.712380952
962,13.94375,512,942.6,1264,0.031,0.283809524,0.505238095,0.687619048
963,14.503125,416,979,1384,0.028,0.177142857,0.51,0.718095238
964,14.928125,680,1007,1336,0.039,0.371428571,0.525857143,0.695238095
965,14.246875,608,964.4,1392,0.065,0.380952381,0.513857143,0.697142857
966,14.578125,568,987.6,1280,0.04,0.232380952,0.507714286,0.659047619
967,13.603125,616,925,1320,0.03,0.306666667,0.485809524,0.647619048
968,13.70625,320,928.2,1360,0.043,0.165714286,0.503142857,0.706666667
969,13.815625,488,939.6,1368,0.024,0.232380952,0.473857143,0.655238095
970,13.7625,320,932.8,1320,0.031,0.154285714,0.495714286,0.672380952
971,13.103125,544,887.8,1216,0.03,0.266666667,0.478285714,0.72
972,14.61875,464,989.8,1320,0.044,0.222857143,0.531619048,0.716190476
973,13.790625,640,938.8,1288,0.04,0.291428571,0.501952381,0.664761905
974,14.403125,440,977.4,1504,0.038,0.213333333,0.519619048,0.756190476
975,14.428125,680,978.8,1296,0.04,0.28952381,0.514333333,0.678095238
976,14.5875,648,982.4,1264,0.065,0.31047619,0.525380952,0.672380952
977,14.528125,648,983,1280,0.075,0.321904762,0.523142857,0.704761905
978,14.509375,672,977.2,1280,0.074,0.367619048,0.525857143,0.72952381
979,13.609375,280,923.2,1232,0.055,0.100952381,0.505380952,0.68952381
980,14.446875,680,974.6,1312,0.073,0.354285714,0.52947619,0.723809524
981,13.95,600,942.8,1240,0.054,0.354285714,0.516380952,0.693333333
982,14.25,688,963.6,1360,0.05,0.321904762,0.526190476,0.685714286
983,14.396875,288,968.8,1488,0.058,0.154285714,0.522285714,0.668571429
984,13.975,448,944.4,1480,0.053,0.276190476,0.50447619,0.756190476
985,15.196875,648,1023.8,1312,0.091,0.314285714,0.548047619,0.71047619
986,14.89375,568,1007.2,1360,0.062,0.297142857,0.536952381,0.733333333
987,14.596875,472,987.8,1336,0.085,0.194285714,0.532190476,0.660952381
988,14.959375,760,1013,1336,0.063,0.348571429,0.537619048,0.718095238
989,14.725,632,996.8,1296,0.071,0.354285714,0.534428571,0.655238095
990,14.4625,536,979.4,1304,0.057,0.27047619,0.502952381,0.700952381
991,14.503125,552,975.8,1224,0.053,0.262857143,0.541333333,0.723809524
992,14.69375,680,991.8,1384,0.049,0.352380952,0.528095238,0.68952381
993,15.115625,744,1021.2,1288,0.047,0.386666667,0.549714286,0.723809524
994,14.8125,424,1004.8,1320,0.075,0.192380952,0.543857143,0.712380952
995,14.178125,352,956.4,1240,0.084,0.186666667,0.533142857,0.662857143
996,14.403125,512,972.2,1248,0.052,0.304761905,0.524142857,0.68952381
997,14.634375,776,990.4,1320,0.051,0.394285714,0.528190476,0.660952381
998,13.7625,544,933,1536,0.047,0.24,0.49347619,0.76952381
999,14.140625,456,953.4,1296,0.045,0.253333333,0.506952381,0.699047619
