0,7.54375,304.0,534.0,912.0,0.146,0.02,0.371,0.8400000000000001
1,7.75,264.0,547.0,848.0,0.144,0.0,0.3545,0.76
2,8.484375,256.0,594.4,1056.0,0.17099999999999999,0.04,0.404,0.74
3,7.6875,272.0,542.8,1072.0,0.15899999999999997,0.0,0.3625,0.94
4,8.25,304.0,573.6,816.0,0.177,0.02,0.371,0.74
5,7.078125,240.0,502.6,928.0,0.10500000000000001,0.0,0.3035,0.6
6,8.015625,360.0,564.6,864.0,0.13999999999999999,0.02,0.335,0.86
7,7.903125,304.0,554.6,848.0,0.16499999999999998,0.0,0.369,0.72
8,7.88125,272.0,555.6,904.0,0.17099999999999999,0.08,0.404,0.74
9,8.00625,384.0,565.0,824.0,0.162,0.02,0.34950000000000003,0.64
10,8.29375,344.0,579.0,1024.0,0.21500000000000002,0.16,0.43900000000000006,0.84
11,7.5125,304.0,528.0,880.0,0.158,0.02,0.37900000000000006,0.74
12,7.75,296.0,549.2,976.0,0.16799999999999998,0.06,0.39200000000000007,0.78
13,8.284375,312.0,582.2,936.0,0.20600000000000002,0.04,0.39749999999999996,0.78
14,7.740625,264.0,549.2,880.0,0.14700000000000002,0.16,0.35350000000000004,0.7
15,7.796875,216.0,553.6,840.0,0.192,0.0,0.364,0.8999999999999999
16,8.190625,320.0,574.4,880.0,0.165,0.0,0.384,0.8200000000000001
17,8.03125,328.0,565.6,952.0,0.15,0.08,0.36850000000000005,0.7
18,7.953125,384.0,556.4,904.0,0.22300000000000003,0.02,0.396,0.78
19,7.925,280.0,562.8,880.0,0.192,0.02,0.37650000000000006,0.74
20,7.975,296.0,560.2,848.0,0.164,0.08,0.34750000000000003,0.6599999999999999
21,8.11875,272.0,571.2,824.0,0.158,0.08,0.3905,0.8
22,8.24375,304.0,583.2,888.0,0.17300000000000001,0.02,0.3705,0.78
23,8.425,352.0,591.4,888.0,0.19,0.02,0.36300000000000004,0.76
24,7.846875,280.0,553.2,936.0,0.17,0.0,0.376,0.64
25,7.984375,224.0,563.8,1016.0,0.176,0.0,0.38499999999999995,0.66
26,7.70625,256.0,544.4,896.0,0.17200000000000001,0.0,0.35150000000000003,0.86
27,7.58125,272.0,545.2,792.0,0.195,0.0,0.374,0.6799999999999999
28,7.71875,256.0,545.2,832.0,0.192,0.08,0.4095000000000001,0.8
29,7.515625,232.0,527.6,784.0,0.13,0.0,0.364,0.5800000000000001
30,7.690625,312.0,542.4,912.0,0.17099999999999999,0.1,0.3989999999999999,0.76
31,8.571875,304.0,600.2,960.0,0.159,0.04,0.41050000000000003,0.6799999999999999
32,7.909375,264.0,558.8,912.0,0.162,0.0,0.366,0.7
33,7.859375,280.0,556.8,936.0,0.17300000000000001,0.02,0.3865,0.7
34,8.203125,288.0,578.8,904.0,0.185,0.0,0.37249999999999994,0.8
35,7.88125,328.0,552.2,784.0,0.199,0.08,0.4154999999999999,0.74
36,8.003125,304.0,566.0,848.0,0.14900000000000002,0.02,0.369,0.74
37,8.396875,320.0,582.8,976.0,0.20299999999999999,0.12,0.418,0.8400000000000001
38,8.525,376.0,599.0,1008.0,0.14700000000000002,0.02,0.35150000000000003,0.6599999999999999
39,7.740625,264.0,546.0,848.0,0.16,0.0,0.36950000000000005,0.6799999999999999
40,7.925,304.0,553.0,960.0,0.151,0.0,0.3785,0.8200000000000001
41,8.459375,224.0,590.4,848.0,0.154,0.0,0.374,0.6799999999999999
42,7.71875,264.0,543.4,864.0,0.16299999999999998,0.0,0.374,0.68
43,7.615625,264.0,539.4,872.0,0.192,0.0,0.398,0.74
44,8.221875,256.0,573.8,984.0,0.162,0.04,0.368,0.74
45,8.140625,320.0,570.6,936.0,0.23000000000000004,0.0,0.425,0.8600000000000001
46,8.203125,256.0,579.2,936.0,0.187,0.08,0.3925,0.74
47,8.10625,272.0,567.8,896.0,0.161,0.02,0.348,0.74
48,7.978125,336.0,560.2,992.0,0.21600000000000003,0.0,0.429,0.84
49,7.86875,264.0,545.4,768.0,0.147,0.08,0.3715,0.74
50,8.01875,304.0,561.2,808.0,0.197,0.08,0.3845,0.78
51,7.8,256.0,552.8,800.0,0.153,0.02,0.372,0.74
52,7.81875,264.0,545.4,880.0,0.17800000000000002,0.0,0.37950000000000006,0.78
53,7.65625,296.0,542.8,816.0,0.16899999999999998,0.06,0.396,0.76
54,7.46875,272.0,531.0,824.0,0.156,0.08,0.361,0.74
55,7.815625,304.0,546.6,920.0,0.172,0.08,0.3955,0.76
56,7.34375,232.0,522.0,808.0,0.17200000000000001,0.0,0.36849999999999994,0.8200000000000001
57,8.54375,272.0,599.6,976.0,0.221,0.02,0.4065,0.8200000000000001
58,7.771875,312.0,547.0,920.0,0.144,0.0,0.34,0.76
59,8.034375,312.0,565.4,904.0,0.15,0.1,0.37300000000000005,0.66
60,7.796875,320.0,553.6,928.0,0.155,0.04,0.3465,0.66
61,7.515625,288.0,529.2,1040.0,0.15,0.0,0.362,0.74
62,7.890625,280.0,557.8,992.0,0.198,0.04,0.37700000000000006,0.72
63,8.040625,272.0,567.8,896.0,0.186,0.08,0.41950000000000004,0.8
64,7.63125,272.0,539.6,808.0,0.11400000000000002,0.0,0.304,0.54
65,8.2375,360.0,576.6,824.0,0.143,0.02,0.33849999999999997,0.6
66,7.421875,352.0,527.6,824.0,0.135,0.02,0.3285,0.6799999999999999
67,8.384375,304.0,586.8,816.0,0.23600000000000004,0.08,0.4205,0.8400000000000001
68,8.546875,264.0,598.2,992.0,0.158,0.0,0.37350000000000005,0.72
69,7.4625,248.0,525.6,864.0,0.138,0.0,0.368,0.74
70,8.3375,272.0,584.2,944.0,0.195,0.0,0.34450000000000003,0.84
71,7.965625,256.0,563.0,872.0,0.183,0.13999999999999999,0.413,0.84
72,7.703125,232.0,541.4,816.0,0.14100000000000001,0.02,0.34249999999999997,0.6799999999999999
73,7.88125,296.0,555.4,976.0,0.17600000000000002,0.02,0.384,0.74
74,8.159375,272.0,575.2,880.0,0.22000000000000003,0.0,0.41899999999999993,0.9199999999999999
75,8.2625,296.0,582.8,928.0,0.21800000000000003,0.08,0.4050000000000001,0.8200000000000001
76,7.578125,240.0,538.4,784.0,0.156,0.02,0.3875,0.78
77,7.90625,320.0,556.2,864.0,0.154,0.08,0.3635,0.8200000000000001
78,8.078125,328.0,570.2,864.0,0.23200000000000004,0.1,0.43950000000000006,0.8
79,8.390625,264.0,590.6,888.0,0.191,0.02,0.40199999999999997,0.66
80,7.728125,296.0,548.0,760.0,0.13399999999999998,0.02,0.3845,0.6799999999999999
81,7.85625,240.0,553.8,928.0,0.16599999999999998,0.0,0.3685,0.98
82,8.096875,352.0,568.4,848.0,0.20800000000000002,0.02,0.4145,0.88
83,7.903125,224.0,561.6,976.0,0.16999999999999998,0.08,0.38950000000000007,0.6799999999999999
84,8.4125,232.0,592.0,1016.0,0.21200000000000002,0.06,0.39549999999999996,0.84
85,7.93125,384.0,565.4,888.0,0.166,0.04,0.3595,0.74
86,8.04375,344.0,563.8,976.0,0.151,0.0,0.3515,0.64
87,8.340625,288.0,585.6,1048.0,0.182,0.0,0.37,0.9
88,8.30625,224.0,581.6,936.0,0.191,0.04,0.41500000000000004,0.8200000000000001
89,7.9,320.0,551.2,896.0,0.10200000000000001,0.02,0.355,0.6599999999999999
90,8.428125,288.0,588.4,952.0,0.252,0.0,0.41550000000000004,0.74
91,8.071875,296.0,564.4,856.0,0.16899999999999998,0.08,0.37650000000000006,0.8200000000000001
92,7.93125,304.0,556.0,832.0,0.139,0.0,0.356,0.7
93,8.140625,344.0,569.2,880.0,0.14300000000000002,0.02,0.34700000000000003,0.9199999999999999
94,7.440625,256.0,531.0,880.0,0.14600000000000002,0.02,0.368,0.66
95,7.653125,256.0,549.0,832.0,0.191,0.06,0.39849999999999997,0.74
96,7.84375,272.0,556.2,816.0,0.21000000000000002,0.0,0.39649999999999996,0.8
97,8.084375,320.0,566.6,792.0,0.182,0.0,0.3835,0.76
98,7.55,296.0,534.0,888.0,0.16699999999999998,0.04,0.367,0.8
99,7.85,216.0,553.6,904.0,0.123,0.06,0.3545,0.6799999999999999
100,7.59375,272.0,537.4,824.0,0.2,0.04,0.39350000000000007,0.74
101,8.428125,352.0,591.4,936.0,0.21799999999999997,0.1,0.438,0.8200000000000001
102,7.95625,328.0,560.4,792.0,0.14100000000000001,0.0,0.38049999999999995,0.84
103,7.55,296.0,538.6,944.0,0.148,0.08,0.38150000000000006,0.68
104,8.253125,336.0,579.8,840.0,0.156,0.06,0.3775,0.76
105,8.165625,352.0,576.0,792.0,0.183,0.08,0.3865,0.78
106,8.128125,296.0,567.4,984.0,0.15000000000000002,0.08,0.3255,0.72
107,7.6,336.0,538.2,912.0,0.15499999999999997,0.02,0.3715,0.72
108,8.2,288.0,578.2,920.0,0.14100000000000001,0.0,0.326,0.74
109,7.61875,328.0,540.4,784.0,0.163,0.0,0.373,0.74
110,8.2625,328.0,579.2,912.0,0.18800000000000003,0.16,0.41899999999999993,0.8200000000000001
111,8.14375,328.0,573.6,800.0,0.174,0.0,0.384,0.8
112,8.209375,280.0,578.0,944.0,0.189,0.0,0.3675,0.72
113,7.91875,296.0,554.8,904.0,0.194,0.0,0.40199999999999997,0.8200000000000001
114,7.753125,320.0,549.2,840.0,0.166,0.02,0.38350000000000006,0.8200000000000001
115,7.53125,328.0,538.2,896.0,0.15499999999999997,0.08,0.3875,0.78
116,7.86875,280.0,560.2,904.0,0.11000000000000001,0.0,0.364,0.7
117,7.74375,288.0,551.2,896.0,0.127,0.08,0.3285,0.66
118,7.86875,232.0,554.6,888.0,0.20700000000000002,0.02,0.42449999999999993,0.76
119,8.171875,352.0,576.4,784.0,0.124,0.08,0.3635,0.7
120,7.690625,272.0,541.8,840.0,0.145,0.02,0.317,0.72
121,7.775,320.0,548.0,824.0,0.133,0.06,0.35700000000000004,0.64
122,7.521875,240.0,539.2,824.0,0.18,0.0,0.36750000000000005,0.8200000000000001
123,8.3375,216.0,580.6,960.0,0.13999999999999999,0.0,0.391,0.94
124,8.03125,288.0,565.2,856.0,0.18400000000000002,0.0,0.364,0.74
125,7.409375,288.0,526.0,856.0,0.15700000000000003,0.0,0.384,0.72
126,8.26875,296.0,585.0,824.0,0.148,0.0,0.372,0.6799999999999999
127,8.14375,312.0,570.8,848.0,0.191,0.06,0.39249999999999996,0.66
128,8.18125,312.0,574.2,832.0,0.27599999999999997,0.08,0.4445,0.8200000000000001
129,7.55625,264.0,533.6,864.0,0.15999999999999998,0.02,0.37,0.74
130,7.65,288.0,541.4,784.0,0.189,0.0,0.41200000000000003,0.88
131,7.840625,232.0,552.0,856.0,0.19,0.0,0.3905,0.8
132,7.85,304.0,554.4,832.0,0.229,0.04,0.4154999999999999,0.8
133,8.00625,320.0,565.4,840.0,0.158,0.04,0.35200000000000004,0.8200000000000001
134,8.0625,280.0,566.0,888.0,0.202,0.04,0.3735,0.8999999999999999
135,8.10625,216.0,566.0,816.0,0.194,0.0,0.3645,0.76
136,8.01875,304.0,563.6,936.0,0.194,0.02,0.38449999999999995,0.88
137,8.196875,384.0,576.6,856.0,0.19200000000000003,0.06,0.3785,0.8200000000000001
138,8.35625,344.0,581.0,800.0,0.23499999999999996,0.08,0.41200000000000003,0.68
139,8.053125,280.0,565.0,1160.0,0.193,0.08,0.41400000000000003,0.94
140,7.59375,240.0,540.6,784.0,0.157,0.02,0.379,0.84
141,8.246875,296.0,577.4,840.0,0.158,0.0,0.3425,0.6799999999999999
142,7.965625,272.0,563.8,952.0,0.153,0.0,0.3775,0.74
143,7.9875,328.0,566.2,896.0,0.137,0.0,0.356,0.6599999999999999
144,8.11875,216.0,572.2,832.0,0.155,0.02,0.3625,0.74
145,7.428125,304.0,525.8,880.0,0.134,0.0,0.346,0.72
146,7.46875,216.0,525.0,904.0,0.205,0.04,0.3745,0.74
147,7.89375,256.0,558.0,856.0,0.18100000000000002,0.08,0.38649999999999995,0.8200000000000001
148,7.50625,320.0,533.6,904.0,0.157,0.0,0.34900000000000003,0.8200000000000001
149,7.378125,240.0,524.0,784.0,0.1,0.08,0.32799999999999996,0.56
150,7.7,264.0,537.0,808.0,0.199,0.0,0.397,0.86
151,8.103125,312.0,564.6,1000.0,0.16499999999999998,0.08,0.35,0.76
152,7.80625,240.0,552.0,920.0,0.19,0.13999999999999999,0.3945,0.78
153,7.26875,280.0,514.0,848.0,0.18000000000000002,0.0,0.346,0.8200000000000001
154,7.78125,272.0,545.6,912.0,0.184,0.1,0.385,0.8
155,7.909375,232.0,551.6,872.0,0.19899999999999998,0.0,0.40149999999999997,0.88
156,8.175,240.0,577.4,736.0,0.20800000000000002,0.1,0.404,0.76
157,7.521875,240.0,534.0,872.0,0.203,0.04,0.39849999999999997,0.8
158,8.19375,232.0,577.6,944.0,0.221,0.0,0.4085000000000001,0.8200000000000001
159,8.040625,296.0,564.6,912.0,0.16899999999999998,0.02,0.36900000000000005,0.78
160,7.553125,280.0,534.4,768.0,0.122,0.02,0.3275,0.86
161,8.284375,312.0,586.2,856.0,0.157,0.0,0.382,0.66
162,7.8375,296.0,551.0,872.0,0.16899999999999998,0.16,0.38849999999999996,0.6000000000000001
163,7.909375,256.0,561.6,936.0,0.187,0.0,0.372,0.8200000000000001
164,7.1125,272.0,503.2,712.0,0.143,0.04,0.34750000000000003,0.74
165,8.159375,296.0,576.2,1200.0,0.16699999999999998,0.0,0.3485,0.96
166,8.29375,304.0,580.4,896.0,0.144,0.08,0.367,0.8
167,7.9875,400.0,560.2,776.0,0.164,0.04,0.37,0.76
168,9.028125,368.0,634.2,912.0,0.20600000000000002,0.0,0.44399999999999995,0.8999999999999999
169,8.23125,272.0,574.4,896.0,0.181,0.02,0.396,0.8
170,8.459375,352.0,598.4,992.0,0.22600000000000003,0.08,0.42349999999999993,0.94
171,7.79375,280.0,554.8,848.0,0.173,0.08,0.40650000000000003,0.6599999999999999
172,7.928125,296.0,565.2,936.0,0.14700000000000002,0.0,0.335,0.66
173,8.453125,248.0,585.6,896.0,0.181,0.02,0.409,0.76
174,8.4,328.0,591.6,888.0,0.169,0.02,0.4029999999999999,0.8200000000000001
175,8.29375,296.0,580.6,1024.0,0.18899999999999997,0.08,0.388,0.74
176,7.809375,320.0,551.8,832.0,0.164,0.02,0.35950000000000004,0.64
177,8.396875,296.0,583.6,904.0,0.181,0.02,0.38449999999999995,0.66
178,7.978125,264.0,561.2,848.0,0.185,0.1,0.36250000000000004,0.88
179,8.2375,272.0,574.4,1088.0,0.173,0.02,0.3145,0.6799999999999999
180,7.671875,312.0,544.0,912.0,0.20400000000000001,0.02,0.4085000000000001,0.8
181,7.890625,360.0,555.0,976.0,0.137,0.04,0.36350000000000005,0.76
182,7.63125,232.0,535.8,752.0,0.15499999999999997,0.08,0.35649999999999993,0.74
183,7.996875,288.0,564.4,824.0,0.20400000000000001,0.0,0.391,0.78
184,7.43125,240.0,530.4,864.0,0.184,0.0,0.3685,0.84
185,8.03125,296.0,565.8,840.0,0.21800000000000003,0.08,0.42350000000000004,0.8
186,8.196875,328.0,572.0,992.0,0.197,0.0,0.4185,0.6799999999999999
187,7.69375,304.0,544.2,824.0,0.136,0.04,0.374,0.6799999999999999
188,7.7,304.0,540.0,832.0,0.19,0.02,0.37,0.76
189,7.85,288.0,554.2,928.0,0.18000000000000002,0.02,0.376,0.8
190,8.05,240.0,569.4,936.0,0.135,0.08,0.35,0.8400000000000001
191,8.096875,352.0,568.0,936.0,0.191,0.04,0.364,0.7
192,8.471875,320.0,595.0,920.0,0.14300000000000002,0.02,0.319,0.7
193,7.871875,288.0,557.8,856.0,0.101,0.0,0.3055,0.7
194,7.828125,320.0,551.0,832.0,0.149,0.08,0.3635,0.74
195,7.2625,328.0,520.8,864.0,0.177,0.04,0.38899999999999996,0.92
196,7.1875,344.0,511.0,736.0,0.164,0.06,0.3935,0.76
197,8.4625,368.0,594.4,896.0,0.154,0.0,0.36150000000000004,0.8200000000000001
198,7.703125,288.0,543.0,832.0,0.158,0.02,0.37550000000000006,0.6799999999999999
199,7.878125,264.0,555.8,1032.0,0.131,0.0,0.332,0.6799999999999999
200,8.1,232.0,569.2,936.0,0.21200000000000002,0.04,0.422,0.74
201,7.96875,288.0,559.4,1208.0,0.183,0.06,0.36,0.72
202,7.4625,240.0,526.0,848.0,0.152,0.04,0.34900000000000003,0.64
203,7.884375,280.0,557.8,896.0,0.127,0.08,0.35300000000000004,0.8200000000000001
204,7.70625,248.0,546.6,816.0,0.149,0.02,0.33899999999999997,0.7
205,8.28125,240.0,580.0,984.0,0.192,0.04,0.42400000000000004,0.74
206,7.921875,376.0,561.4,840.0,0.173,0.0,0.403,0.8
207,7.81875,272.0,553.6,896.0,0.183,0.02,0.3995,0.66
208,7.784375,312.0,546.6,864.0,0.147,0.06,0.4065,0.66
209,8.328125,288.0,589.0,912.0,0.15,0.0,0.35500000000000004,0.7
210,8.278125,328.0,579.2,920.0,0.16099999999999998,0.04,0.3675,0.66
211,7.565625,232.0,539.0,776.0,0.16,0.02,0.378,0.8
212,7.6,312.0,541.4,880.0,0.148,0.0,0.3685,0.84
213,7.715625,240.0,547.0,832.0,0.166,0.08,0.3825,0.7
214,7.709375,240.0,544.0,832.0,0.18,0.0,0.35950000000000004,0.76
215,8.2125,280.0,577.2,880.0,0.16099999999999998,0.02,0.36100000000000004,0.7
216,7.746875,216.0,550.8,912.0,0.155,0.0,0.35150000000000003,0.8200000000000001
217,7.60625,256.0,534.6,848.0,0.169,0.1,0.3865,0.7
218,7.996875,344.0,562.6,912.0,0.178,0.1,0.43100000000000005,0.8200000000000001
219,7.796875,264.0,556.0,904.0,0.16299999999999998,0.0,0.372,0.66
220,8.034375,256.0,565.2,840.0,0.153,0.0,0.373,0.66
221,8.54375,272.0,593.4,1024.0,0.151,0.02,0.35550000000000004,0.8
222,8.221875,248.0,580.4,888.0,0.155,0.08,0.3665,0.66
223,8.2125,304.0,574.8,880.0,0.215,0.04,0.41,0.74
224,7.996875,216.0,559.2,904.0,0.193,0.0,0.36000000000000004,0.8
225,7.790625,280.0,549.2,840.0,0.20200000000000004,0.04,0.43149999999999994,0.78
226,8.0875,240.0,565.6,880.0,0.16699999999999998,0.02,0.3990000000000001,0.66
227,8.0625,312.0,568.6,896.0,0.177,0.0,0.38999999999999996,0.78
228,8.165625,264.0,572.2,784.0,0.154,0.02,0.36300000000000004,0.8
229,7.290625,272.0,518.0,832.0,0.146,0.02,0.356,0.72
230,8.353125,304.0,582.6,912.0,0.179,0.0,0.39099999999999996,0.8999999999999999
231,7.734375,248.0,550.6,880.0,0.167,0.02,0.37550000000000006,0.5800000000000001
232,7.9375,280.0,564.0,848.0,0.194,0.0,0.40800000000000003,0.8400000000000001
233,8.3,288.0,585.6,984.0,0.193,0.0,0.41500000000000004,0.74
234,8.1,248.0,569.0,872.0,0.184,0.08,0.4295,0.94
235,7.521875,264.0,531.4,912.0,0.10800000000000001,0.06,0.33799999999999997,0.64
236,8.034375,304.0,565.2,968.0,0.183,0.04,0.3825,0.74
237,8.3625,264.0,588.0,960.0,0.179,0.0,0.37750000000000006,0.8
238,8.04375,264.0,565.6,800.0,0.18,0.02,0.38899999999999996,0.8200000000000001
239,7.753125,248.0,550.2,800.0,0.203,0.04,0.39849999999999997,0.72
240,8.875,336.0,621.8,1184.0,0.20099999999999998,0.02,0.409,0.6799999999999999
241,7.8625,304.0,550.2,776.0,0.2,0.08,0.39749999999999996,0.76
242,7.390625,344.0,530.0,872.0,0.188,0.0,0.366,0.6599999999999999
243,7.584375,272.0,535.8,872.0,0.142,0.0,0.34750000000000003,0.8200000000000001
244,7.70625,304.0,541.6,880.0,0.193,0.0,0.3945,0.8200000000000001
245,7.6875,272.0,546.8,880.0,0.195,0.0,0.41600000000000004,0.76
246,8.240625,336.0,575.6,848.0,0.151,0.02,0.3725,0.6799999999999999
247,7.64375,224.0,540.6,1072.0,0.21100000000000002,0.0,0.3945,1.0
248,7.703125,240.0,544.8,824.0,0.149,0.1,0.3725,0.74
249,7.83125,304.0,554.8,800.0,0.158,0.08,0.352,0.86
250,7.925,264.0,558.4,880.0,0.18,0.04,0.37700000000000006,0.74
251,7.69375,280.0,543.6,896.0,0.185,0.04,0.39849999999999997,0.72
252,7.278125,280.0,517.4,824.0,0.131,0.0,0.34900000000000003,0.7
253,7.26875,304.0,514.8,896.0,0.153,0.02,0.3365,0.76
254,8.1125,320.0,570.2,824.0,0.161,0.04,0.3895,0.7
255,8.525,312.0,596.4,864.0,0.142,0.0,0.35,0.76
256,8.1625,296.0,571.8,824.0,0.121,0.02,0.346,0.76
257,7.825,288.0,549.2,824.0,0.15,0.0,0.36750000000000005,0.74
258,7.721875,328.0,546.2,840.0,0.16499999999999998,0.0,0.376,0.76
259,8.1625,344.0,572.2,936.0,0.22000000000000003,0.0,0.4015000000000001,0.8200000000000001
260,8.025,288.0,570.6,888.0,0.154,0.08,0.39249999999999996,0.72
261,8.11875,304.0,573.8,904.0,0.142,0.0,0.36500000000000005,0.74
262,8.103125,272.0,570.0,824.0,0.196,0.0,0.3725,0.9199999999999999
263,7.83125,288.0,548.2,872.0,0.192,0.0,0.379,0.8200000000000001
264,8.21875,240.0,577.6,928.0,0.181,0.16,0.40650000000000003,0.88
265,7.95625,296.0,559.0,840.0,0.176,0.08,0.36900000000000005,0.6
266,7.7625,256.0,548.4,864.0,0.155,0.0,0.398,0.74
267,7.675,288.0,541.8,896.0,0.16,0.0,0.37,0.74
268,7.9125,304.0,558.2,808.0,0.16599999999999998,0.02,0.33199999999999996,0.72
269,7.6625,296.0,540.8,880.0,0.20099999999999998,0.1,0.4305,0.72
270,7.56875,296.0,535.8,808.0,0.13999999999999999,0.02,0.355,0.7
271,8.009375,232.0,563.8,800.0,0.189,0.0,0.426,0.8
272,8.009375,304.0,565.0,800.0,0.143,0.02,0.37,0.66
273,7.321875,296.0,521.2,848.0,0.121,0.0,0.31100000000000005,0.8
274,7.815625,256.0,551.8,864.0,0.186,0.0,0.363,0.7
275,7.721875,280.0,546.0,872.0,0.186,0.0,0.36849999999999994,0.72
276,7.65,304.0,538.0,880.0,0.154,0.1,0.37249999999999994,0.66
277,7.89375,304.0,554.2,848.0,0.16499999999999998,0.02,0.3985,0.8400000000000001
278,8.096875,352.0,563.8,824.0,0.14700000000000002,0.0,0.3625,0.8
279,7.8375,272.0,556.2,904.0,0.186,0.02,0.3935,0.8
280,8.51875,264.0,593.6,864.0,0.13899999999999998,0.02,0.36100000000000004,0.98
281,7.98125,256.0,563.2,880.0,0.173,0.1,0.41600000000000004,0.8200000000000001
282,8.175,256.0,577.8,840.0,0.14500000000000002,0.1,0.37449999999999994,0.72
283,8.2625,344.0,578.8,896.0,0.16699999999999998,0.0,0.4015000000000001,0.8200000000000001
284,6.90625,256.0,499.8,1024.0,0.13799999999999998,0.04,0.34500000000000003,0.74
285,8.05625,344.0,568.0,872.0,0.191,0.0,0.406,0.8
286,8.8375,256.0,621.2,984.0,0.23500000000000001,0.02,0.43850000000000006,0.8
287,8.421875,344.0,593.0,872.0,0.183,0.16,0.39899999999999997,0.74
288,7.50625,312.0,531.2,744.0,0.153,0.08,0.36000000000000004,0.8400000000000001
289,7.89375,224.0,554.8,800.0,0.14100000000000001,0.02,0.3335,0.64
290,7.75,296.0,550.8,904.0,0.136,0.02,0.3315,0.74
291,8.971875,304.0,623.8,944.0,0.174,0.02,0.374,0.64
292,7.84375,264.0,551.2,784.0,0.145,0.08,0.34750000000000003,0.66
293,7.35625,264.0,518.0,808.0,0.179,0.02,0.358,0.64
294,7.946875,344.0,558.6,816.0,0.169,0.0,0.3745,0.8200000000000001
295,8.153125,360.0,569.8,944.0,0.215,0.0,0.43499999999999994,0.88
296,7.95,296.0,558.4,832.0,0.135,0.02,0.35900000000000004,0.66
297,7.86875,232.0,551.6,960.0,0.13999999999999999,0.1,0.3825,0.66
298,8.590625,264.0,599.4,944.0,0.20500000000000002,0.08,0.41050000000000003,0.76
299,8.784375,312.0,609.6,912.0,0.24100000000000002,0.02,0.4255000000000001,1.0
300,7.965625,248.0,564.0,976.0,0.21200000000000002,0.04,0.42699999999999994,0.8200000000000001
301,8.396875,344.0,583.4,832.0,0.22800000000000004,0.06,0.403,0.72
302,7.65625,352.0,546.4,848.0,0.17400000000000002,0.0,0.3995000000000001,0.8400000000000001
303,7.7625,312.0,549.4,856.0,0.13499999999999998,0.0,0.3595,0.72
304,7.434375,256.0,527.0,840.0,0.142,0.04,0.3825,0.6799999999999999
305,8.909375,344.0,619.4,936.0,0.146,0.02,0.3825,0.9
306,7.85625,240.0,552.2,824.0,0.168,0.0,0.399,0.8
307,8.14375,288.0,574.4,920.0,0.23900000000000002,0.08,0.418,0.9
308,8.34375,328.0,583.4,952.0,0.172,0.0,0.39749999999999996,0.78
309,7.628125,248.0,537.0,840.0,0.151,0.02,0.35300000000000004,0.66
310,7.65625,304.0,541.6,808.0,0.152,0.0,0.34049999999999997,0.7
311,7.36875,312.0,523.2,864.0,0.203,0.08,0.425,0.76
312,7.2,216.0,509.8,864.0,0.149,0.0,0.3775,0.94
313,8.371875,288.0,585.6,736.0,0.193,0.06,0.36800000000000005,0.8200000000000001
314,7.925,312.0,556.2,888.0,0.198,0.0,0.40149999999999997,0.76
315,8.053125,248.0,564.2,936.0,0.15199999999999997,0.06,0.37,0.9199999999999999
316,7.98125,240.0,559.8,832.0,0.21799999999999997,0.0,0.374,0.74
317,7.778125,256.0,545.8,800.0,0.199,0.1,0.40800000000000003,0.84
318,8.1375,344.0,572.4,976.0,0.15300000000000002,0.08,0.38,0.66
319,8.053125,304.0,562.4,864.0,0.158,0.0,0.3325,0.64
320,8.434375,328.0,594.4,912.0,0.24400000000000005,0.04,0.39,0.76
321,8.140625,352.0,573.6,1056.0,0.17200000000000001,0.08,0.375,0.74
322,7.971875,360.0,561.6,928.0,0.14500000000000002,0.04,0.37350000000000005,0.74
323,8.003125,328.0,556.8,856.0,0.198,0.0,0.4045000000000001,0.8200000000000001
324,7.965625,312.0,560.8,912.0,0.152,0.02,0.354,0.6799999999999999
325,8.215625,376.0,580.6,944.0,0.144,0.0,0.327,0.6599999999999999
326,7.9,280.0,554.0,952.0,0.12600000000000003,0.02,0.338,0.7
327,7.6625,264.0,545.0,824.0,0.11000000000000001,0.0,0.33249999999999996,0.76
328,8.0625,328.0,569.4,952.0,0.187,0.04,0.397,0.8
329,7.75,216.0,547.2,872.0,0.16499999999999998,0.06,0.38350000000000006,0.78
330,8.24375,320.0,574.0,944.0,0.198,0.1,0.4135,0.68
331,8.50625,328.0,599.4,944.0,0.193,0.02,0.3865,0.74
332,7.665625,288.0,542.8,824.0,0.155,0.0,0.378,0.76
333,8.13125,376.0,572.0,792.0,0.136,0.1,0.377,0.6599999999999999
334,7.31875,264.0,521.8,904.0,0.156,0.08,0.38,0.78
335,7.725,280.0,544.8,888.0,0.13,0.02,0.3665,0.66
336,8.784375,352.0,615.8,936.0,0.184,0.12,0.4525,0.8999999999999999
337,7.775,336.0,549.4,856.0,0.164,0.08,0.362,0.78
338,8.45625,256.0,594.4,928.0,0.217,0.08,0.3985,0.8200000000000001
339,7.746875,304.0,546.4,944.0,0.19,0.02,0.4015000000000001,0.6799999999999999
340,7.83125,304.0,556.6,768.0,0.22800000000000004,0.16,0.43249999999999994,0.78
341,7.446875,224.0,522.4,824.0,0.17200000000000001,0.0,0.349,0.6799999999999999
342,8.171875,320.0,569.8,848.0,0.16899999999999998,0.0,0.36950000000000005,0.78
343,7.903125,304.0,557.0,920.0,0.154,0.02,0.379,0.96
344,8.046875,232.0,563.2,880.0,0.14800000000000002,0.0,0.3775,0.7
345,8.071875,296.0,572.0,848.0,0.17200000000000001,0.1,0.37100000000000005,0.76
346,7.746875,312.0,552.0,864.0,0.193,0.04,0.406,0.8200000000000001
347,7.296875,240.0,522.6,816.0,0.15300000000000002,0.0,0.358,0.76
348,8.0,304.0,563.4,864.0,0.179,0.0,0.35500000000000004,0.8400000000000001
349,7.49375,312.0,532.0,912.0,0.146,0.04,0.3705,0.72
350,7.534375,264.0,527.6,832.0,0.14600000000000002,0.0,0.3155,0.64
351,7.825,256.0,552.6,920.0,0.136,0.06,0.34299999999999997,0.6
352,7.428125,208.0,524.6,800.0,0.158,0.06,0.35700000000000004,0.64
353,8.090625,328.0,565.0,792.0,0.193,0.08,0.40149999999999997,0.88
354,7.3625,256.0,524.4,936.0,0.127,0.02,0.374,0.6599999999999999
355,7.84375,272.0,551.6,896.0,0.16899999999999998,0.0,0.33849999999999997,0.72
356,8.36875,352.0,590.8,936.0,0.177,0.0,0.41899999999999993,0.9199999999999999
357,8.621875,272.0,607.4,960.0,0.225,0.0,0.39949999999999997,0.8200000000000001
358,8.31875,264.0,580.8,832.0,0.168,0.02,0.3595,0.7
359,7.9,272.0,553.0,904.0,0.15,0.02,0.33599999999999997,0.6000000000000001
360,8.0625,312.0,569.2,896.0,0.155,0.02,0.378,0.66
361,7.465625,224.0,535.8,816.0,0.14300000000000002,0.0,0.35,0.8200000000000001
362,7.496875,320.0,535.0,952.0,0.152,0.0,0.37849999999999995,0.8200000000000001
363,7.69375,216.0,541.6,880.0,0.219,0.0,0.409,0.8200000000000001
364,8.275,296.0,580.8,840.0,0.205,0.0,0.39,0.8200000000000001
365,8.003125,296.0,554.4,800.0,0.18000000000000002,0.0,0.3585,0.9
366,7.89375,328.0,551.4,920.0,0.176,0.0,0.36899999999999994,0.6799999999999999
367,7.9875,336.0,562.8,864.0,0.199,0.08,0.4,0.72
368,8.2,280.0,577.2,936.0,0.165,0.0,0.3555,0.64
369,8.009375,296.0,566.6,960.0,0.13399999999999998,0.0,0.35350000000000004,0.74
370,7.925,336.0,557.4,808.0,0.205,0.02,0.3975,0.8200000000000001
371,8.05625,272.0,570.4,744.0,0.2,0.08,0.3965,0.74
372,8.08125,280.0,566.6,984.0,0.175,0.0,0.3725,0.6799999999999999
373,8.06875,240.0,569.8,848.0,0.199,0.14,0.4245,0.8
374,7.171875,264.0,514.0,824.0,0.16099999999999998,0.0,0.35150000000000003,0.66
375,8.2,312.0,578.6,944.0,0.182,0.0,0.38849999999999996,0.88
376,7.353125,256.0,521.0,776.0,0.16499999999999998,0.08,0.36850000000000005,0.6799999999999999
377,8.73125,408.0,612.0,1008.0,0.17600000000000002,0.08,0.37150000000000005,0.9
378,8.0875,272.0,569.4,920.0,0.20400000000000001,0.06,0.41600000000000004,0.8400000000000001
379,8.109375,312.0,570.8,888.0,0.14300000000000002,0.0,0.364,0.72
380,8.0875,384.0,565.4,872.0,0.173,0.0,0.3875,0.98
381,7.88125,264.0,560.8,848.0,0.17800000000000002,0.08,0.4175,0.74
382,8.228125,368.0,582.0,912.0,0.2,0.0,0.399,0.76
383,8.496875,272.0,593.6,952.0,0.21000000000000002,0.02,0.3785,0.6799999999999999
384,8.425,224.0,590.8,912.0,0.202,0.0,0.38449999999999995,0.8
385,8.065625,224.0,570.8,912.0,0.183,0.08,0.376,0.76
386,8.190625,312.0,575.2,912.0,0.16099999999999998,0.02,0.35500000000000004,0.96
387,8.0875,232.0,573.6,936.0,0.15700000000000003,0.0,0.34550000000000003,0.72
388,7.834375,336.0,545.2,872.0,0.119,0.02,0.379,0.7
389,8.546875,280.0,601.6,920.0,0.16499999999999998,0.0,0.4,0.74
390,8.2,272.0,572.8,792.0,0.178,0.0,0.41600000000000004,0.76
391,8.29375,264.0,586.8,1120.0,0.123,0.02,0.36100000000000004,0.7
392,7.9125,296.0,556.4,856.0,0.182,0.02,0.3815,0.7
393,8.534375,360.0,599.0,960.0,0.172,0.0,0.39,0.8200000000000001
394,8.228125,360.0,577.6,880.0,0.13899999999999998,0.08,0.3665,0.66
395,8.40625,296.0,588.4,984.0,0.18000000000000002,0.02,0.404,0.76
396,8.83125,376.0,620.2,968.0,0.23399999999999999,0.0,0.42700000000000005,0.88
397,7.834375,248.0,555.6,792.0,0.213,0.02,0.40149999999999997,0.7
398,7.871875,312.0,557.0,920.0,0.11800000000000002,0.0,0.36450000000000005,0.66
399,7.85625,376.0,548.4,848.0,0.151,0.02,0.3725,0.7
400,8.51875,264.0,593.4,1032.0,0.20400000000000001,0.0,0.399,0.74
401,8.340625,240.0,581.4,832.0,0.16,0.04,0.406,0.78
402,8.08125,280.0,573.4,872.0,0.23199999999999998,0.02,0.414,0.9
403,8.225,320.0,575.8,984.0,0.20800000000000002,0.04,0.3795,0.9199999999999999
404,8.284375,320.0,580.0,896.0,0.194,0.02,0.3965,0.8200000000000001
405,7.8625,264.0,554.6,952.0,0.146,0.0,0.325,0.6
406,8.625,320.0,603.6,1112.0,0.127,0.02,0.34950000000000003,0.76
407,8.025,256.0,566.0,912.0,0.179,0.0,0.3845,0.7
408,7.484375,208.0,530.8,976.0,0.162,0.0,0.3855,0.72
409,7.83125,208.0,553.8,856.0,0.156,0.0,0.33099999999999996,0.64
410,7.821875,272.0,549.6,888.0,0.194,0.12000000000000001,0.425,0.72
411,7.884375,296.0,558.2,888.0,0.16699999999999998,0.0,0.36450000000000005,0.8
412,8.115625,296.0,574.0,856.0,0.17099999999999999,0.04,0.366,0.72
413,8.15625,288.0,575.0,960.0,0.17900000000000002,0.08,0.4165,0.78
414,7.98125,312.0,562.6,1032.0,0.19,0.0,0.388,0.84
415,7.30625,328.0,521.8,760.0,0.091,0.0,0.3075,0.6799999999999999
416,8.475,312.0,591.4,1024.0,0.21200000000000002,0.04,0.426,0.72
417,7.778125,312.0,548.0,792.0,0.20800000000000002,0.02,0.40449999999999997,0.78
418,7.896875,224.0,554.8,880.0,0.175,0.02,0.37699999999999995,0.8200000000000001
419,8.0625,312.0,565.4,952.0,0.19,0.08,0.38249999999999995,0.8
420,7.728125,280.0,546.8,840.0,0.14700000000000002,0.0,0.368,0.6599999999999999
421,7.5875,296.0,535.2,896.0,0.168,0.02,0.35900000000000004,0.66
422,7.7625,216.0,548.8,928.0,0.20400000000000001,0.0,0.3745,0.8
423,8.015625,320.0,562.6,912.0,0.168,0.02,0.364,0.68
424,7.659375,216.0,541.0,848.0,0.14300000000000002,0.04,0.343,0.6000000000000001
425,7.98125,296.0,564.8,848.0,0.2,0.06,0.3765,0.76
426,7.734375,288.0,542.2,880.0,0.21100000000000002,0.04,0.385,0.8
427,7.75625,272.0,549.8,960.0,0.20700000000000002,0.0,0.3875,0.88
428,8.55625,304.0,596.6,904.0,0.126,0.0,0.316,0.74
429,7.46875,240.0,527.2,848.0,0.17099999999999999,0.02,0.3825,0.64
430,7.865625,248.0,556.4,776.0,0.144,0.08,0.33999999999999997,0.8
431,8.30625,304.0,579.0,848.0,0.23200000000000004,0.1,0.43100000000000005,0.76
432,7.875,264.0,554.8,856.0,0.176,0.1,0.37350000000000005,0.76
433,8.56875,384.0,595.0,928.0,0.23600000000000004,0.02,0.43100000000000005,0.74
434,9.35,408.0,648.8,1016.0,0.24299999999999997,0.02,0.43149999999999994,0.8
435,8.703125,384.0,608.0,1000.0,0.217,0.04,0.3995000000000001,0.76
436,8.00625,368.0,567.2,776.0,0.14100000000000001,0.0,0.32399999999999995,0.74
437,7.809375,328.0,556.4,840.0,0.142,0.1,0.38249999999999995,0.74
438,8.040625,288.0,566.4,792.0,0.191,0.04,0.3955,0.76
439,6.871875,208.0,493.2,824.0,0.131,0.06,0.3665,0.66
440,7.35,272.0,518.0,1064.0,0.152,0.04,0.375,0.66
441,7.990625,248.0,557.2,832.0,0.181,0.0,0.3825,0.8200000000000001
442,7.26875,248.0,522.4,752.0,0.15299999999999997,0.02,0.3375,0.76
443,8.228125,336.0,578.6,880.0,0.21500000000000002,0.1,0.409,0.6799999999999999
444,8.25625,336.0,578.6,792.0,0.168,0.08,0.359,0.8
445,8.34375,352.0,585.6,848.0,0.13199999999999998,0.0,0.372,0.64
446,7.64375,224.0,537.4,880.0,0.165,0.08,0.391,0.76
447,7.55625,224.0,539.0,888.0,0.18,0.04,0.371,0.88
448,7.128125,272.0,505.4,768.0,0.119,0.02,0.3545,1.0
449,7.9625,272.0,562.4,840.0,0.14600000000000002,0.0,0.31250000000000006,0.74
450,8.059375,384.0,565.2,888.0,0.13399999999999998,0.0,0.38150000000000006,0.6799999999999999
451,7.95,296.0,563.4,800.0,0.134,0.0,0.348,0.64
452,7.990625,272.0,561.4,880.0,0.162,0.0,0.3465,0.6799999999999999
453,7.73125,232.0,545.0,808.0,0.14,0.0,0.3365,0.6599999999999999
454,8.040625,320.0,564.8,808.0,0.138,0.0,0.3505,0.6
455,8.15625,328.0,568.6,920.0,0.221,0.0,0.41,0.9199999999999999
456,7.5375,280.0,536.6,816.0,0.194,0.0,0.3695,0.76
457,7.89375,232.0,556.6,1016.0,0.199,0.0,0.386,0.8200000000000001
458,7.878125,280.0,558.2,896.0,0.179,0.0,0.3895,0.6799999999999999
459,8.478125,256.0,596.0,936.0,0.13899999999999998,0.0,0.3905,0.76
460,7.803125,232.0,550.6,952.0,0.20800000000000002,0.02,0.404,0.9
461,7.696875,304.0,541.6,776.0,0.15,0.02,0.36250000000000004,0.74
462,7.959375,312.0,562.6,872.0,0.177,0.02,0.3855,0.6799999999999999
463,7.890625,320.0,557.2,952.0,0.15499999999999997,0.04,0.3545,0.8400000000000001
464,7.3125,256.0,515.6,768.0,0.187,0.0,0.3825,0.7
465,7.528125,232.0,529.2,816.0,0.196,0.06,0.398,0.72
466,8.490625,232.0,595.2,928.0,0.192,0.02,0.40449999999999997,0.74
467,7.378125,328.0,524.4,792.0,0.15000000000000002,0.04,0.3805,0.6599999999999999
468,8.384375,240.0,590.0,888.0,0.158,0.06,0.362,0.8400000000000001
469,7.578125,272.0,531.4,816.0,0.13999999999999999,0.0,0.35250000000000004,0.66
470,7.7625,296.0,549.6,784.0,0.20800000000000002,0.08,0.41050000000000003,0.86
471,7.146875,296.0,511.4,792.0,0.149,0.02,0.32199999999999995,0.78
472,7.840625,216.0,555.2,840.0,0.186,0.0,0.4005000000000001,0.74
473,7.75,280.0,545.2,808.0,0.2,0.02,0.374,0.6799999999999999
474,7.79375,272.0,547.6,784.0,0.16999999999999998,0.0,0.37249999999999994,0.7
475,8.103125,304.0,568.8,912.0,0.136,0.0,0.36950000000000005,0.66
476,7.78125,216.0,552.8,856.0,0.20900000000000002,0.02,0.4035,0.8200000000000001
477,7.55,280.0,527.0,880.0,0.16099999999999998,0.0,0.346,0.74
478,8.253125,360.0,581.0,808.0,0.184,0.02,0.381,0.72
479,8.20625,224.0,578.8,936.0,0.196,0.04,0.4,0.8200000000000001
480,7.671875,304.0,547.2,936.0,0.135,0.0,0.3505,0.7
481,8.390625,248.0,588.8,960.0,0.172,0.08,0.3825,0.76
482,7.334375,256.0,521.2,752.0,0.183,0.08,0.41150000000000003,0.74
483,8.23125,304.0,578.6,928.0,0.11200000000000002,0.06,0.36150000000000004,0.8200000000000001
484,7.41875,288.0,526.8,720.0,0.133,0.04,0.355,0.62
485,7.515625,288.0,532.4,776.0,0.166,0.02,0.3875,0.74
486,8.028125,240.0,565.0,944.0,0.152,0.0,0.3905,0.9
487,7.753125,296.0,549.0,848.0,0.13799999999999998,0.02,0.329,0.74
488,7.79375,272.0,552.6,920.0,0.194,0.02,0.3855,0.76
489,8.2,264.0,578.8,784.0,0.16899999999999998,0.0,0.3915,0.86
490,8.69375,304.0,607.6,1056.0,0.154,0.02,0.3675,0.74
491,7.928125,312.0,554.6,872.0,0.139,0.06,0.3795,0.7
492,7.678125,312.0,544.0,776.0,0.213,0.0,0.4025,0.8400000000000001
493,8.0125,296.0,563.0,824.0,0.183,0.0,0.3865,0.74
494,8.171875,280.0,572.8,848.0,0.193,0.02,0.42200000000000004,0.88
495,8.10625,264.0,573.4,960.0,0.146,0.02,0.3465,0.68
496,7.953125,304.0,558.0,824.0,0.189,0.08,0.404,0.84
497,7.9625,328.0,555.8,920.0,0.16899999999999998,0.0,0.41,0.7
498,8.509375,360.0,597.2,888.0,0.201,0.02,0.4025,0.9
499,7.134375,232.0,507.0,776.0,0.15,0.0,0.34199999999999997,0.72
500,8.31875,328.0,582.6,1048.0,0.14300000000000002,0.08,0.4165,0.72
501,8.640625,296.0,607.6,856.0,0.129,0.02,0.347,0.5800000000000001
502,8.240625,312.0,576.4,984.0,0.178,0.04,0.384,0.6799999999999999
503,7.94375,304.0,555.6,872.0,0.158,0.02,0.3605,0.76
504,7.61875,288.0,537.0,856.0,0.23100000000000004,0.02,0.4005000000000001,0.96
505,8.134375,272.0,572.6,824.0,0.173,0.16,0.4109999999999999,0.66
506,8.253125,280.0,576.6,960.0,0.154,0.0,0.36100000000000004,0.7
507,8.284375,208.0,583.8,864.0,0.16699999999999998,0.02,0.42200000000000004,0.8400000000000001
508,8.196875,376.0,579.4,808.0,0.185,0.02,0.3425,0.76
509,8.359375,352.0,586.6,936.0,0.21000000000000002,0.04,0.4109999999999999,0.8400000000000001
510,8.103125,296.0,568.8,936.0,0.158,0.0,0.362,0.6599999999999999
511,8.534375,376.0,597.0,912.0,0.179,0.02,0.35300000000000004,0.62
512,8.178125,304.0,576.6,880.0,0.192,0.0,0.41000000000000003,0.78
513,7.734375,288.0,549.2,840.0,0.11600000000000002,0.08,0.318,0.74
514,8.41875,312.0,588.2,920.0,0.096,0.02,0.333,0.6
515,7.95625,224.0,558.6,888.0,0.2,0.1,0.42800000000000005,0.88
516,7.721875,264.0,546.8,936.0,0.11400000000000002,0.02,0.3565,0.64
517,8.4,296.0,588.8,832.0,0.16499999999999998,0.0,0.38899999999999996,0.72
518,7.459375,304.0,528.8,816.0,0.185,0.02,0.4065,0.74
519,8.775,376.0,610.6,920.0,0.153,0.12,0.3755,0.8
520,8.0,312.0,564.0,800.0,0.175,0.14,0.4145,0.76
521,7.915625,312.0,559.8,952.0,0.219,0.02,0.4095,0.8
522,7.7,368.0,547.8,976.0,0.186,0.02,0.373,0.84
523,8.028125,344.0,560.4,936.0,0.15,0.02,0.36100000000000004,0.74
524,8.4875,304.0,592.6,928.0,0.14500000000000002,0.04,0.37649999999999995,0.8
525,8.125,312.0,572.4,872.0,0.15099999999999997,0.02,0.39299999999999996,0.6799999999999999
526,8.05,344.0,563.4,824.0,0.21600000000000003,0.04,0.40099999999999997,0.8
527,7.565625,216.0,539.0,816.0,0.18400000000000002,0.02,0.35200000000000004,0.74
528,8.0375,312.0,567.2,856.0,0.183,0.0,0.382,0.74
529,7.98125,304.0,559.8,816.0,0.10900000000000001,0.0,0.325,0.62
530,7.16875,232.0,511.4,872.0,0.17,0.02,0.394,0.8
531,8.178125,352.0,571.0,880.0,0.17400000000000002,0.02,0.35250000000000004,0.74
532,7.15625,248.0,510.8,816.0,0.158,0.0,0.3315,0.68
533,7.696875,256.0,542.8,808.0,0.198,0.0,0.409,0.8200000000000001
534,7.825,344.0,552.4,1016.0,0.16899999999999998,0.08,0.3905,0.8400000000000001
535,8.375,288.0,585.4,1008.0,0.12999999999999998,0.04,0.34199999999999997,0.8
536,8.603125,336.0,601.8,1056.0,0.183,0.0,0.396,0.76
537,8.66875,360.0,606.6,1056.0,0.209,0.04,0.38550000000000006,0.8200000000000001
538,8.028125,344.0,563.4,808.0,0.164,0.02,0.3635,0.76
539,7.959375,312.0,560.0,896.0,0.144,0.1,0.4035,0.6799999999999999
540,7.765625,224.0,551.8,960.0,0.158,0.0,0.3875,0.7
541,7.74375,264.0,550.4,784.0,0.13000000000000003,0.1,0.3665,0.6
542,8.278125,288.0,575.6,936.0,0.21399999999999997,0.0,0.4165,0.98
543,8.00625,328.0,567.2,896.0,0.18,0.0,0.39649999999999996,0.8
544,8.415625,384.0,584.2,864.0,0.20500000000000002,0.02,0.398,0.78
545,8.453125,432.0,594.2,800.0,0.17600000000000002,0.02,0.3955,0.8
546,8.375,352.0,588.4,936.0,0.18,0.1,0.38849999999999996,0.6599999999999999
547,8.2,304.0,568.8,832.0,0.175,0.02,0.3725,0.9
548,7.546875,280.0,535.6,864.0,0.131,0.02,0.34450000000000003,0.7
549,7.19375,232.0,511.8,784.0,0.14900000000000002,0.0,0.33849999999999997,0.5800000000000001
550,8.365625,248.0,582.2,880.0,0.199,0.0,0.4225,0.76
551,7.959375,280.0,562.8,1024.0,0.199,0.02,0.41500000000000004,0.8200000000000001
552,7.921875,320.0,560.4,944.0,0.16299999999999998,0.1,0.38299999999999995,0.8200000000000001
553,7.734375,272.0,542.4,888.0,0.157,0.0,0.394,0.76
554,7.78125,256.0,551.4,1176.0,0.184,0.04,0.37350000000000005,0.74
555,7.484375,256.0,527.4,808.0,0.146,0.0,0.395,0.76
556,7.4375,304.0,525.6,824.0,0.142,0.02,0.3835,0.84
557,7.571875,272.0,532.2,912.0,0.148,0.0,0.3285,0.66
558,7.934375,280.0,557.6,888.0,0.174,0.04,0.374,0.8200000000000001
559,7.359375,232.0,525.8,776.0,0.176,0.02,0.34850000000000003,0.8200000000000001
560,7.75,344.0,545.4,816.0,0.173,0.0,0.374,0.88
561,7.459375,352.0,529.8,832.0,0.129,0.0,0.32449999999999996,0.58
562,8.165625,256.0,571.2,888.0,0.16899999999999998,0.02,0.39399999999999996,0.78
563,8.175,328.0,578.6,888.0,0.187,0.0,0.36150000000000004,0.6799999999999999
564,8.103125,312.0,571.8,968.0,0.184,0.0,0.348,0.74
565,7.8375,264.0,553.0,840.0,0.147,0.04,0.32,0.72
566,8.1,280.0,573.4,904.0,0.22599999999999998,0.02,0.391,0.74
567,8.60625,288.0,601.0,968.0,0.205,0.08,0.41,0.8400000000000001
568,8.078125,248.0,562.6,856.0,0.17200000000000001,0.1,0.379,0.76
569,7.54375,272.0,532.4,784.0,0.11400000000000002,0.0,0.354,0.66
570,7.88125,248.0,551.8,800.0,0.14900000000000002,0.02,0.34450000000000003,0.8200000000000001
571,7.884375,296.0,557.0,968.0,0.185,0.08,0.394,0.78
572,8.09375,224.0,567.0,928.0,0.182,0.0,0.37750000000000006,0.76
573,8.096875,344.0,568.2,816.0,0.21500000000000002,0.0,0.425,0.8
574,7.51875,296.0,531.6,952.0,0.191,0.0,0.40800000000000003,0.6799999999999999
575,7.95625,296.0,563.2,904.0,0.181,0.04,0.39699999999999996,0.74
576,7.8375,272.0,548.8,856.0,0.21600000000000003,0.02,0.4015000000000001,0.86
577,7.740625,280.0,541.8,800.0,0.14500000000000002,0.0,0.3395,0.74
578,7.534375,320.0,538.4,888.0,0.149,0.0,0.36500000000000005,0.64
579,7.55,240.0,533.6,920.0,0.16899999999999998,0.0,0.387,0.84
580,7.6125,272.0,532.0,872.0,0.182,0.0,0.3715,0.66
581,7.771875,224.0,548.6,960.0,0.13099999999999998,0.08,0.37350000000000005,0.6799999999999999
582,7.91875,296.0,560.8,832.0,0.15,0.08,0.36,0.72
583,7.70625,296.0,544.0,856.0,0.123,0.08,0.3975,0.72
584,8.190625,320.0,575.4,856.0,0.16699999999999998,0.02,0.369,0.6799999999999999
585,7.803125,248.0,553.2,880.0,0.182,0.02,0.366,0.72
586,8.875,320.0,616.2,928.0,0.21000000000000002,0.06,0.40199999999999997,0.8
587,8.3375,280.0,586.6,840.0,0.12800000000000003,0.0,0.3605,0.64
588,8.88125,424.0,621.2,824.0,0.20600000000000004,0.08,0.41050000000000003,0.72
589,7.784375,224.0,548.8,848.0,0.153,0.0,0.3745,0.72
590,7.328125,264.0,517.4,808.0,0.14300000000000002,0.0,0.318,0.72
591,8.06875,256.0,561.6,872.0,0.137,0.0,0.35550000000000004,0.76
592,8.68125,248.0,608.0,968.0,0.186,0.08,0.417,0.72
593,7.725,248.0,547.4,840.0,0.13799999999999998,0.0,0.33799999999999997,0.76
594,8.315625,392.0,584.2,752.0,0.199,0.08,0.38450000000000006,0.7
595,8.278125,280.0,583.2,976.0,0.173,0.0,0.358,0.76
596,7.95625,264.0,567.2,824.0,0.181,0.0,0.3625,0.66
597,8.046875,320.0,565.2,768.0,0.183,0.0,0.382,0.76
598,7.425,272.0,525.2,880.0,0.20099999999999998,0.16,0.39699999999999996,0.8400000000000001
599,7.7375,320.0,546.8,808.0,0.15,0.08,0.34800000000000003,0.8
600,8.2375,336.0,583.4,1008.0,0.174,0.0,0.3825,0.78
601,8.09375,280.0,567.4,880.0,0.22200000000000003,0.08,0.40700000000000003,0.9
602,7.85625,248.0,551.6,832.0,0.129,0.0,0.3415,0.68
603,7.53125,240.0,535.2,760.0,0.12800000000000003,0.02,0.362,0.68
604,6.534375,280.0,471.8,816.0,0.14500000000000002,0.02,0.376,0.76
605,8.053125,248.0,570.8,1016.0,0.176,0.02,0.391,0.78
606,7.925,272.0,558.2,920.0,0.174,0.04,0.37749999999999995,0.7
607,7.703125,288.0,547.6,928.0,0.173,0.02,0.375,0.84
608,7.878125,288.0,554.8,824.0,0.179,0.0,0.374,0.66
609,7.98125,224.0,555.2,848.0,0.191,0.0,0.41100000000000003,0.74
610,8.271875,248.0,583.0,856.0,0.17800000000000002,0.08,0.3765,0.76
611,7.61875,272.0,537.4,864.0,0.197,0.04,0.40099999999999997,0.74
612,7.109375,264.0,508.0,792.0,0.144,0.02,0.34400000000000003,0.6799999999999999
613,7.565625,328.0,539.0,824.0,0.135,0.0,0.335,0.66
614,8.309375,224.0,578.2,880.0,0.176,0.08,0.385,0.6799999999999999
615,7.778125,304.0,549.4,856.0,0.14,0.0,0.316,0.78
616,7.25,256.0,515.8,912.0,0.184,0.02,0.3865,0.88
617,7.9125,256.0,562.4,944.0,0.2,0.0,0.3875,0.74
618,7.759375,248.0,549.6,888.0,0.12600000000000003,0.02,0.34550000000000003,0.5800000000000001
619,8.58125,232.0,599.6,888.0,0.158,0.0,0.37249999999999994,0.8400000000000001
620,8.1125,336.0,575.6,872.0,0.198,0.08,0.386,0.7
621,7.3875,248.0,528.6,824.0,0.133,0.0,0.34900000000000003,0.8
622,7.846875,264.0,553.0,880.0,0.128,0.0,0.35300000000000004,0.5800000000000001
623,8.021875,376.0,564.0,800.0,0.127,0.02,0.36150000000000004,0.78
624,7.440625,248.0,529.6,816.0,0.15,0.0,0.348,0.6799999999999999
625,7.9625,256.0,567.4,816.0,0.191,0.02,0.371,0.74
626,7.496875,320.0,531.8,776.0,0.176,0.02,0.3875,0.8400000000000001
627,8.64375,264.0,603.0,984.0,0.13499999999999998,0.0,0.35150000000000003,0.74
628,7.890625,296.0,554.6,904.0,0.15,0.0,0.351,0.6799999999999999
629,8.890625,304.0,622.2,1128.0,0.255,0.04,0.42200000000000004,0.72
630,8.021875,304.0,567.0,888.0,0.146,0.02,0.38099999999999995,0.8
631,7.440625,264.0,523.6,984.0,0.16799999999999998,0.02,0.3765,0.74
632,8.590625,272.0,598.0,976.0,0.11300000000000002,0.0,0.36550000000000005,0.78
633,8.1375,296.0,568.8,920.0,0.14100000000000001,0.0,0.374,0.74
634,8.803125,344.0,612.6,888.0,0.20700000000000002,0.0,0.41150000000000003,0.78
635,8.065625,304.0,567.0,864.0,0.10699999999999998,0.02,0.35100000000000003,0.6599999999999999
636,7.934375,296.0,562.6,928.0,0.22000000000000003,0.0,0.3955000000000001,0.8200000000000001
637,8.06875,312.0,565.4,976.0,0.195,0.04,0.40599999999999997,0.76
638,7.66875,304.0,543.8,776.0,0.14900000000000002,0.0,0.3895,0.64
639,7.878125,256.0,557.2,888.0,0.168,0.04,0.3855,0.8200000000000001
640,8.559375,368.0,598.6,1000.0,0.176,0.04,0.35100000000000003,0.6799999999999999
641,7.628125,280.0,538.6,808.0,0.16799999999999998,0.0,0.365,0.74
642,8.18125,256.0,568.8,856.0,0.251,0.08,0.438,0.86
643,8.215625,320.0,579.0,1056.0,0.15,0.1,0.4085,0.74
644,8.0,344.0,561.2,872.0,0.163,0.06,0.37,0.78
645,7.9,288.0,556.4,968.0,0.17099999999999999,0.04,0.4245,0.8
646,8.171875,208.0,576.2,864.0,0.189,0.1,0.40549999999999997,0.6799999999999999
647,7.99375,240.0,567.4,904.0,0.16099999999999998,0.0,0.35750000000000004,0.66
648,7.521875,232.0,529.4,864.0,0.185,0.02,0.39499999999999996,0.72
649,7.93125,232.0,557.2,848.0,0.167,0.0,0.3745,0.6599999999999999
650,8.021875,320.0,562.4,944.0,0.197,0.0,0.38350000000000006,0.72
651,8.146875,288.0,572.0,824.0,0.151,0.04,0.35550000000000004,0.72
652,7.675,328.0,545.4,800.0,0.16,0.0,0.35700000000000004,0.6799999999999999
653,7.996875,240.0,560.0,864.0,0.146,0.16,0.3885,0.72
654,8.121875,312.0,573.2,864.0,0.217,0.0,0.4095000000000001,0.78
655,8.115625,304.0,570.4,864.0,0.21100000000000002,0.0,0.40199999999999997,0.72
656,7.89375,320.0,561.0,928.0,0.10200000000000001,0.0,0.3125,0.6799999999999999
657,8.303125,296.0,580.0,904.0,0.187,0.0,0.372,0.76
658,8.496875,368.0,593.2,784.0,0.162,0.02,0.4029999999999999,0.74
659,7.95625,256.0,558.6,888.0,0.179,0.0,0.39350000000000007,0.6799999999999999
660,8.2625,232.0,576.8,1224.0,0.149,0.08,0.383,0.6799999999999999
661,7.740625,288.0,543.8,1064.0,0.185,0.0,0.39049999999999996,0.72
662,7.94375,280.0,559.6,792.0,0.148,0.06,0.42349999999999993,0.74
663,8.34375,344.0,585.2,920.0,0.187,0.04,0.39299999999999996,0.8600000000000001
664,7.4,256.0,527.4,792.0,0.18000000000000002,0.04,0.35150000000000003,0.78
665,7.8375,264.0,557.8,848.0,0.176,0.02,0.398,0.76
666,8.046875,392.0,562.0,872.0,0.187,0.04,0.3665,0.8
667,7.64375,344.0,544.0,864.0,0.142,0.0,0.3325,0.74
668,7.959375,272.0,557.6,864.0,0.12399999999999997,0.02,0.362,0.74
669,7.646875,296.0,541.4,744.0,0.16199999999999998,0.06,0.372,0.62
670,7.453125,264.0,527.8,816.0,0.198,0.1,0.42299999999999993,0.88
671,8.159375,368.0,575.6,928.0,0.20700000000000002,0.0,0.41999999999999993,0.8
672,7.415625,272.0,528.8,896.0,0.146,0.02,0.3335,0.72
673,8.29375,304.0,585.6,976.0,0.181,0.08,0.3615,0.7
674,7.121875,240.0,504.0,856.0,0.148,0.0,0.3585,0.6799999999999999
675,8.125,224.0,574.8,912.0,0.215,0.0,0.39699999999999996,0.8
676,8.221875,328.0,574.6,824.0,0.16899999999999998,0.08,0.365,0.72
677,7.546875,288.0,537.2,960.0,0.16,0.16,0.40549999999999997,0.8
678,7.375,248.0,527.0,928.0,0.188,0.02,0.378,0.8
679,8.265625,272.0,577.8,840.0,0.186,0.0,0.369,0.72
680,8.16875,320.0,573.0,832.0,0.13199999999999998,0.02,0.3175,0.74
681,8.321875,272.0,579.6,960.0,0.2,0.08,0.392,0.7
682,7.5875,208.0,538.2,832.0,0.12999999999999998,0.08,0.34249999999999997,0.72
683,7.9,240.0,559.2,920.0,0.138,0.1,0.3895,0.66
684,8.015625,272.0,558.8,896.0,0.176,0.08,0.379,0.84
685,8.434375,256.0,595.2,840.0,0.20600000000000002,0.0,0.3585,0.8200000000000001
686,8.240625,336.0,575.8,816.0,0.168,0.0,0.38050000000000006,0.78
687,7.76875,320.0,544.6,816.0,0.23899999999999996,0.16,0.4165,0.98
688,7.8,264.0,550.0,880.0,0.164,0.0,0.358,0.6799999999999999
689,8.525,304.0,598.2,904.0,0.175,0.02,0.366,0.8200000000000001
690,7.51875,288.0,532.2,832.0,0.138,0.08,0.37700000000000006,0.62
691,8.365625,288.0,584.0,840.0,0.213,0.0,0.39649999999999996,0.8999999999999999
692,8.015625,232.0,563.4,880.0,0.15899999999999997,0.0,0.366,0.78
693,8.01875,280.0,566.6,880.0,0.209,0.0,0.4015000000000001,0.76
694,8.590625,304.0,596.8,1008.0,0.23200000000000004,0.02,0.42750000000000005,0.8
695,8.721875,352.0,605.8,1088.0,0.16,0.0,0.3875,0.6799999999999999
696,7.60625,264.0,532.8,824.0,0.14300000000000002,0.02,0.392,0.76
697,7.79375,296.0,549.2,944.0,0.199,0.0,0.364,0.72
698,7.9625,320.0,560.4,912.0,0.177,0.0,0.40650000000000003,0.7
699,7.865625,256.0,551.6,784.0,0.14100000000000001,0.04,0.38,0.6799999999999999
700,7.865625,272.0,554.4,840.0,0.213,0.08,0.41600000000000004,0.76
701,8.515625,320.0,593.8,936.0,0.162,0.04,0.384,0.8400000000000001
702,7.821875,304.0,551.6,896.0,0.174,0.0,0.36750000000000005,0.74
703,8.0375,344.0,561.0,952.0,0.194,0.0,0.4050000000000001,0.88
704,8.175,360.0,574.2,1016.0,0.085,0.0,0.29100000000000004,0.66
705,8.19375,280.0,575.8,864.0,0.14800000000000002,0.02,0.4005000000000001,0.72
706,8.290625,264.0,577.0,912.0,0.18300000000000002,0.02,0.37,0.7
707,8.165625,280.0,573.0,864.0,0.16299999999999998,0.04,0.38849999999999996,0.8
708,7.8125,240.0,551.0,904.0,0.187,0.0,0.409,0.8400000000000001
709,8.415625,328.0,589.6,880.0,0.174,0.02,0.41,0.8200000000000001
710,8.13125,336.0,577.6,848.0,0.17600000000000002,0.02,0.371,0.88
711,7.6125,304.0,532.6,960.0,0.182,0.0,0.33849999999999997,0.88
712,7.859375,352.0,554.8,880.0,0.20600000000000002,0.16,0.40700000000000003,0.8
713,7.890625,288.0,554.8,840.0,0.178,0.0,0.34950000000000003,0.8
714,7.9125,296.0,556.6,936.0,0.12000000000000002,0.0,0.348,0.7
715,7.771875,272.0,551.4,904.0,0.182,0.02,0.4025,0.76
716,7.75625,296.0,546.2,1048.0,0.153,0.0,0.395,0.76
717,8.34375,360.0,586.4,816.0,0.22999999999999998,0.12000000000000001,0.43600000000000005,0.74
718,8.14375,296.0,570.8,1000.0,0.11699999999999999,0.0,0.341,0.6799999999999999
719,7.653125,336.0,542.2,832.0,0.186,0.12,0.3855,0.8400000000000001
720,8.284375,312.0,576.4,800.0,0.144,0.04,0.3865,0.78
721,8.28125,352.0,585.4,1040.0,0.205,0.02,0.4035,0.74
722,8.065625,336.0,567.6,920.0,0.135,0.0,0.3345,0.66
723,8.859375,288.0,619.4,936.0,0.185,0.02,0.38449999999999995,0.86
724,7.734375,240.0,546.8,872.0,0.129,0.08,0.35700000000000004,0.74
725,7.5625,264.0,533.0,776.0,0.126,0.0,0.332,0.74
726,7.70625,312.0,549.4,888.0,0.219,0.12,0.437,0.78
727,8.10625,312.0,568.4,872.0,0.20400000000000001,0.02,0.40199999999999997,0.8400000000000001
728,8.26875,320.0,584.6,920.0,0.11099999999999999,0.0,0.3755,0.6799999999999999
729,7.665625,304.0,540.4,888.0,0.187,0.0,0.404,0.6799999999999999
730,8.0125,240.0,565.0,864.0,0.135,0.1,0.372,0.74
731,7.9875,256.0,561.2,960.0,0.162,0.0,0.356,0.68
732,7.7875,304.0,552.0,824.0,0.172,0.02,0.4025,0.8200000000000001
733,8.165625,288.0,575.6,920.0,0.184,0.04,0.363,0.76
734,7.93125,328.0,555.4,776.0,0.186,0.0,0.36950000000000005,0.8200000000000001
735,7.928125,288.0,559.4,1024.0,0.188,0.0,0.38849999999999996,0.88
736,7.525,312.0,530.4,848.0,0.201,0.04,0.36550000000000005,0.74
737,8.6875,320.0,607.2,944.0,0.189,0.0,0.36350000000000005,0.74
738,7.99375,328.0,563.4,824.0,0.173,0.04,0.4085,0.72
739,7.6375,312.0,544.2,920.0,0.156,0.0,0.354,0.6000000000000001
740,7.825,296.0,551.8,904.0,0.188,0.02,0.366,0.6799999999999999
741,8.565625,400.0,599.0,896.0,0.164,0.0,0.40099999999999997,0.74
742,7.909375,232.0,553.4,904.0,0.16,0.0,0.38599999999999995,0.72
743,7.68125,224.0,542.2,928.0,0.16399999999999998,0.0,0.3345,0.88
744,7.5375,272.0,538.8,904.0,0.197,0.02,0.39250000000000007,0.8
745,7.65,280.0,542.0,848.0,0.17200000000000001,0.18,0.40700000000000003,0.6599999999999999
746,8.2,272.0,575.6,944.0,0.166,0.12,0.38849999999999996,0.72
747,7.93125,312.0,554.6,792.0,0.202,0.0,0.3795,0.9199999999999999
748,7.95625,264.0,560.2,856.0,0.17800000000000002,0.04,0.38700000000000007,0.74
749,8.359375,240.0,583.8,912.0,0.209,0.06,0.397,0.74
750,7.84375,272.0,556.8,896.0,0.158,0.02,0.39,0.7
751,7.575,296.0,533.4,840.0,0.221,0.04,0.38449999999999995,0.9
752,7.95625,352.0,558.0,760.0,0.184,0.0,0.37,0.74
753,8.24375,256.0,583.8,840.0,0.131,0.0,0.3805,0.76
754,8.659375,320.0,602.2,864.0,0.133,0.02,0.375,0.74
755,7.084375,288.0,498.8,888.0,0.1,0.08,0.3465,0.64
756,8.846875,296.0,619.2,920.0,0.20299999999999999,0.02,0.43200000000000005,0.8999999999999999
757,8.328125,400.0,587.2,800.0,0.142,0.02,0.34450000000000003,0.7
758,8.421875,344.0,589.4,880.0,0.156,0.14,0.387,0.8
759,9.18125,328.0,629.2,1032.0,0.177,0.02,0.4035,0.88
760,7.4375,304.0,527.4,888.0,0.16899999999999998,0.08,0.398,0.66
761,8.8375,288.0,613.8,976.0,0.209,0.0,0.39699999999999996,0.74
762,7.834375,312.0,552.4,840.0,0.15100000000000002,0.08,0.382,0.6799999999999999
763,8.2,248.0,580.2,920.0,0.177,0.06,0.3645,0.8400000000000001
764,7.934375,336.0,556.8,872.0,0.186,0.02,0.409,0.76
765,8.178125,296.0,575.4,864.0,0.182,0.0,0.4105,0.74
766,7.55,312.0,537.8,824.0,0.10600000000000001,0.08,0.3505,0.6599999999999999
767,7.990625,264.0,561.8,944.0,0.21100000000000002,0.16,0.42400000000000004,0.84
768,8.015625,280.0,566.4,792.0,0.195,0.0,0.37300000000000005,0.8200000000000001
769,7.725,288.0,544.2,984.0,0.126,0.02,0.324,0.6
770,8.671875,320.0,608.8,888.0,0.187,0.02,0.3665,0.72
771,7.640625,240.0,546.2,832.0,0.178,0.1,0.41150000000000003,0.8
772,8.0,296.0,563.8,872.0,0.151,0.02,0.3545,0.68
773,8.61875,304.0,603.8,936.0,0.148,0.08,0.4175000000000001,0.6599999999999999
774,7.521875,304.0,534.2,952.0,0.15500000000000003,0.0,0.348,0.8400000000000001
775,8.25625,368.0,578.2,936.0,0.16699999999999998,0.06,0.394,0.68
776,8.5375,288.0,598.8,952.0,0.171,0.0,0.3705,0.76
777,8.2625,288.0,585.8,1008.0,0.14700000000000002,0.1,0.3475,0.6
778,7.60625,264.0,536.8,816.0,0.17200000000000001,0.08,0.39299999999999996,0.7
779,7.703125,320.0,545.0,824.0,0.161,0.04,0.3895,0.78
780,7.86875,344.0,554.6,896.0,0.191,0.04,0.373,0.88
781,8.584375,384.0,599.2,840.0,0.163,0.02,0.3875,0.76
782,8.046875,288.0,564.6,816.0,0.193,0.0,0.39649999999999996,0.8
783,7.746875,264.0,545.8,824.0,0.174,0.0,0.371,0.64
784,7.671875,256.0,546.0,792.0,0.123,0.0,0.377,0.74
785,7.925,360.0,561.6,840.0,0.17700000000000002,0.02,0.38249999999999995,0.76
786,8.121875,328.0,569.6,824.0,0.198,0.0,0.38550000000000006,0.8200000000000001
787,7.675,224.0,538.6,960.0,0.14,0.0,0.333,0.76
788,7.8125,256.0,555.8,760.0,0.12000000000000002,0.08,0.34249999999999997,0.64
789,8.084375,312.0,570.4,776.0,0.18100000000000002,0.0,0.38550000000000006,0.72
790,8.353125,264.0,589.0,912.0,0.133,0.02,0.3295,0.76
791,7.703125,272.0,550.8,776.0,0.129,0.02,0.3625,0.76
792,7.984375,240.0,567.0,824.0,0.183,0.02,0.3795,0.8400000000000001
793,8.3625,344.0,584.8,864.0,0.172,0.1,0.3855,0.8400000000000001
794,8.503125,336.0,594.4,880.0,0.178,0.0,0.4,0.8
795,7.665625,264.0,539.8,872.0,0.191,0.04,0.387,0.8200000000000001
796,7.8625,312.0,549.8,936.0,0.16,0.02,0.3545,0.64
797,7.459375,232.0,524.2,888.0,0.156,0.0,0.3735,0.72
798,8.19375,320.0,578.4,760.0,0.153,0.0,0.371,0.78
799,7.646875,256.0,539.2,848.0,0.21800000000000003,0.13999999999999999,0.398,0.8200000000000001
800,7.734375,328.0,544.0,752.0,0.13599999999999998,0.02,0.36850000000000005,0.6799999999999999
801,8.290625,304.0,581.6,864.0,0.236,0.02,0.40199999999999997,0.8200000000000001
802,7.8875,256.0,556.2,928.0,0.20800000000000002,0.0,0.39849999999999997,0.66
803,7.615625,264.0,537.6,880.0,0.147,0.0,0.34850000000000003,0.66
804,8.08125,328.0,568.6,880.0,0.16,0.04,0.3795,0.94
805,7.475,248.0,525.4,800.0,0.163,0.02,0.36100000000000004,0.8200000000000001
806,7.615625,280.0,535.6,856.0,0.125,0.0,0.3585,0.66
807,7.915625,288.0,560.8,936.0,0.13400000000000004,0.0,0.2905,0.78
808,7.98125,224.0,563.2,944.0,0.152,0.0,0.37750000000000006,0.76
809,8.078125,312.0,563.4,784.0,0.163,0.02,0.36150000000000004,0.66
810,7.446875,272.0,529.6,760.0,0.11600000000000002,0.0,0.34249999999999997,0.8
811,7.68125,216.0,541.0,896.0,0.21799999999999997,0.1,0.3915,0.8400000000000001
812,7.8875,272.0,553.4,736.0,0.119,0.0,0.33999999999999997,0.6799999999999999
813,8.1375,256.0,576.4,864.0,0.15200000000000002,0.1,0.368,0.66
814,8.0375,304.0,565.8,984.0,0.192,0.08,0.4130000000000001,0.8
815,8.0125,264.0,564.8,1032.0,0.163,0.02,0.3595,0.7
816,7.878125,280.0,554.2,984.0,0.196,0.0,0.409,0.76
817,8.49375,312.0,594.0,936.0,0.156,0.02,0.358,0.8400000000000001
818,8.084375,352.0,568.4,848.0,0.159,0.0,0.396,0.74
819,7.953125,248.0,559.4,864.0,0.146,0.02,0.344,0.8200000000000001
820,7.8,336.0,548.2,952.0,0.17200000000000001,0.04,0.3905,0.8
821,7.6625,288.0,537.2,856.0,0.176,0.1,0.41000000000000003,0.86
822,8.584375,328.0,595.8,800.0,0.14700000000000002,0.0,0.36400000000000005,0.66
823,8.55625,336.0,598.6,832.0,0.191,0.02,0.384,0.78
824,8.190625,320.0,574.0,944.0,0.17,0.0,0.375,0.66
825,7.59375,232.0,534.6,984.0,0.13999999999999999,0.0,0.34,0.74
826,8.04375,328.0,567.0,928.0,0.199,0.0,0.37300000000000005,0.8200000000000001
827,8.165625,312.0,573.6,880.0,0.175,0.0,0.40800000000000003,0.78
828,8.359375,312.0,583.6,848.0,0.128,0.0,0.34750000000000003,0.6799999999999999
829,8.171875,280.0,575.8,872.0,0.155,0.1,0.38199999999999995,0.8400000000000001
830,7.346875,272.0,521.4,824.0,0.2,0.02,0.3605,0.8
831,7.84375,320.0,551.8,968.0,0.14900000000000002,0.04,0.35350000000000004,0.74
832,7.71875,264.0,542.8,712.0,0.233,0.06,0.4325,0.8
833,8.421875,376.0,594.0,792.0,0.203,0.02,0.3825,0.6799999999999999
834,7.346875,240.0,519.4,992.0,0.152,0.0,0.354,0.78
835,7.71875,248.0,545.0,840.0,0.175,0.08,0.38499999999999995,0.8200000000000001
836,8.1125,344.0,568.2,952.0,0.17099999999999999,0.02,0.434,0.76
837,8.73125,304.0,612.8,936.0,0.186,0.0,0.41550000000000004,0.72
838,8.08125,296.0,563.6,976.0,0.16499999999999998,0.02,0.37350000000000005,0.74
839,7.46875,232.0,524.2,784.0,0.15,0.0,0.366,0.6799999999999999
840,7.9125,312.0,560.6,784.0,0.146,0.0,0.34299999999999997,0.7
841,8.425,320.0,587.2,936.0,0.172,0.02,0.40049999999999997,0.96
842,8.03125,320.0,568.2,904.0,0.161,0.1,0.36950000000000005,0.96
843,7.6625,320.0,542.2,872.0,0.14100000000000001,0.0,0.39,0.66
844,8.065625,320.0,568.6,928.0,0.194,0.08,0.3945,0.76
845,7.628125,264.0,537.2,776.0,0.13599999999999998,0.02,0.34500000000000003,0.8200000000000001
846,8.234375,336.0,576.6,944.0,0.16499999999999998,0.16,0.39599999999999996,0.76
847,8.140625,368.0,575.2,856.0,0.2,0.04,0.41200000000000003,0.8200000000000001
848,8.3,336.0,581.6,984.0,0.143,0.0,0.37649999999999995,0.64
849,7.7875,328.0,551.8,800.0,0.2,0.08,0.3865,0.8200000000000001
850,8.325,336.0,582.6,1032.0,0.16099999999999998,0.0,0.39,0.7
851,7.965625,296.0,565.0,880.0,0.172,0.02,0.3255,0.84
852,8.2375,256.0,580.8,952.0,0.199,0.02,0.417,0.8200000000000001
853,8.134375,320.0,567.0,952.0,0.18,0.08,0.429,0.8600000000000001
854,8.1375,248.0,574.2,1000.0,0.16299999999999998,0.0,0.37350000000000005,0.66
855,8.696875,280.0,605.6,992.0,0.18,0.02,0.4015000000000001,0.72
856,7.728125,256.0,545.6,856.0,0.194,0.02,0.38099999999999995,0.9199999999999999
857,8.075,320.0,566.0,888.0,0.137,0.0,0.34900000000000003,0.76
858,7.684375,264.0,544.0,824.0,0.17700000000000002,0.0,0.3625,0.72
859,7.759375,328.0,547.8,856.0,0.16499999999999998,0.02,0.37300000000000005,0.8400000000000001
860,7.81875,336.0,552.4,968.0,0.20400000000000001,0.1,0.418,0.74
861,7.55,216.0,535.0,792.0,0.21500000000000002,0.08,0.3905,0.9
862,7.98125,280.0,559.0,928.0,0.181,0.13999999999999999,0.418,0.74
863,8.3,296.0,583.0,896.0,0.174,0.04,0.40449999999999997,0.8200000000000001
864,7.696875,344.0,544.2,872.0,0.183,0.08,0.36900000000000005,0.8
865,8.134375,264.0,572.6,840.0,0.154,0.06,0.3665,0.76
866,7.6,296.0,540.2,976.0,0.13799999999999998,0.02,0.348,0.72
867,8.28125,264.0,581.6,856.0,0.15,0.02,0.35600000000000004,0.8
868,7.203125,224.0,513.4,824.0,0.152,0.04,0.3685,0.78
869,8.00625,312.0,562.6,928.0,0.185,0.08,0.39,0.8400000000000001
870,7.846875,256.0,551.2,864.0,0.16699999999999998,0.0,0.3705,0.7
871,7.8625,320.0,556.0,872.0,0.182,0.08,0.38499999999999995,0.8200000000000001
872,8.140625,296.0,575.0,808.0,0.139,0.0,0.35700000000000004,0.66
873,7.859375,296.0,555.2,856.0,0.21100000000000002,0.0,0.3765,0.74
874,8.334375,280.0,579.8,896.0,0.21400000000000002,0.0,0.42750000000000005,0.76
875,7.728125,312.0,544.8,848.0,0.1,0.0,0.3715,0.58
876,8.015625,296.0,564.6,800.0,0.16699999999999998,0.08,0.36,0.8
877,7.9,272.0,556.4,920.0,0.10800000000000001,0.0,0.31450000000000006,0.6599999999999999
878,7.74375,320.0,537.4,808.0,0.20700000000000002,0.0,0.394,0.8200000000000001
879,7.7125,304.0,546.8,808.0,0.16,0.0,0.358,0.72
880,8.109375,336.0,568.2,952.0,0.127,0.0,0.312,0.74
881,7.715625,272.0,548.0,888.0,0.19,0.0,0.391,0.72
882,8.046875,240.0,566.8,984.0,0.164,0.02,0.39699999999999996,0.7
883,7.025,264.0,502.2,816.0,0.136,0.04,0.3155,0.72
884,7.94375,256.0,555.2,824.0,0.15499999999999997,0.02,0.3415,0.72
885,7.778125,264.0,549.8,896.0,0.20800000000000002,0.0,0.42400000000000004,0.7
886,8.05625,296.0,565.2,992.0,0.135,0.0,0.316,0.5800000000000001
887,8.084375,224.0,570.6,936.0,0.172,0.0,0.3365,0.76
888,8.421875,288.0,587.8,880.0,0.169,0.02,0.3755,0.88
889,7.990625,320.0,559.4,856.0,0.182,0.02,0.4095,0.7
890,7.840625,352.0,552.0,768.0,0.15999999999999998,0.08,0.35100000000000003,0.78
891,7.39375,296.0,528.8,792.0,0.20400000000000001,0.0,0.387,0.74
892,8.334375,312.0,580.4,1016.0,0.20400000000000001,0.02,0.37649999999999995,0.8
893,7.775,232.0,550.8,856.0,0.185,0.04,0.3665,0.74
894,8.65625,312.0,608.6,920.0,0.144,0.1,0.366,0.6599999999999999
895,8.1125,256.0,568.4,880.0,0.182,0.1,0.4005000000000001,0.8600000000000001
896,7.7125,280.0,546.6,984.0,0.148,0.0,0.3685,0.88
897,7.934375,328.0,560.8,912.0,0.16499999999999998,0.04,0.369,0.8200000000000001
898,8.265625,264.0,579.2,848.0,0.187,0.02,0.375,0.64
899,7.96875,344.0,559.6,952.0,0.131,0.0,0.3655,0.68
900,8.065625,368.0,563.6,800.0,0.21100000000000002,0.1,0.4025,0.74
901,8.153125,328.0,571.6,968.0,0.14200000000000002,0.0,0.32599999999999996,0.76
902,8.440625,376.0,587.4,832.0,0.14899999999999997,0.08,0.3685,0.64
903,8.034375,320.0,558.0,840.0,0.14300000000000002,0.0,0.347,0.74
904,8.11875,264.0,570.6,936.0,0.174,0.08,0.4039999999999999,0.78
905,8.078125,296.0,568.8,1048.0,0.18,0.02,0.35500000000000004,0.8
906,7.790625,256.0,551.2,888.0,0.18100000000000002,0.02,0.3895,0.8400000000000001
907,8.090625,376.0,572.4,848.0,0.22000000000000003,0.02,0.42400000000000004,0.86
908,8.15625,256.0,567.6,896.0,0.192,0.0,0.4335000000000001,0.74
909,7.821875,328.0,556.8,872.0,0.16999999999999998,0.0,0.3585,0.78
910,7.640625,296.0,540.6,856.0,0.11200000000000002,0.0,0.316,0.6599999999999999
911,8.36875,360.0,585.4,840.0,0.18400000000000002,0.13999999999999999,0.42799999999999994,0.6799999999999999
912,8.078125,280.0,564.2,976.0,0.183,0.0,0.3795,0.76
913,7.421875,336.0,523.2,784.0,0.168,0.02,0.35300000000000004,0.64
914,8.184375,304.0,575.4,816.0,0.16299999999999998,0.02,0.36550000000000005,0.8
915,8.03125,280.0,563.6,1048.0,0.20600000000000002,0.04,0.39249999999999996,0.74
916,7.890625,320.0,560.8,800.0,0.15899999999999997,0.08,0.3705,0.78
917,7.175,272.0,513.6,784.0,0.123,0.0,0.3095,0.6799999999999999
918,7.825,288.0,547.8,808.0,0.15,0.04,0.365,0.66
919,7.60625,232.0,538.6,904.0,0.151,0.0,0.347,0.8999999999999999
920,8.003125,328.0,562.8,896.0,0.14300000000000002,0.02,0.352,0.6
921,7.578125,248.0,534.0,856.0,0.126,0.0,0.33049999999999996,0.74
922,7.728125,256.0,546.4,784.0,0.20400000000000001,0.08,0.387,0.76
923,7.25,256.0,518.8,760.0,0.17099999999999999,0.1,0.417,0.76
924,7.74375,216.0,548.8,968.0,0.16,0.0,0.36449999999999994,0.7
925,7.778125,296.0,550.2,872.0,0.129,0.0,0.32999999999999996,0.6799999999999999
926,8.6375,352.0,605.4,920.0,0.20800000000000002,0.08,0.44399999999999995,0.84
927,7.353125,304.0,523.6,840.0,0.153,0.04,0.387,0.8
928,7.1875,248.0,513.4,752.0,0.087,0.0,0.27549999999999997,0.8200000000000001
929,7.625,296.0,540.0,864.0,0.14,0.0,0.34900000000000003,0.6799999999999999
930,8.165625,344.0,571.2,896.0,0.184,0.04,0.3795,0.8999999999999999
931,8.0625,312.0,567.2,928.0,0.185,0.16,0.4215,0.7
932,8.534375,328.0,599.0,920.0,0.162,0.0,0.386,0.78
933,7.846875,376.0,552.8,832.0,0.16499999999999998,0.1,0.3755,0.74
934,7.63125,264.0,541.4,824.0,0.17,0.08,0.394,0.74
935,7.259375,224.0,514.4,792.0,0.123,0.0,0.2935,0.64
936,7.959375,288.0,559.8,776.0,0.24800000000000005,0.04,0.4050000000000001,0.8200000000000001
937,7.996875,304.0,560.8,872.0,0.166,0.02,0.37750000000000006,0.76
938,8.415625,304.0,589.6,920.0,0.219,0.0,0.3835,0.8999999999999999
939,8.453125,264.0,592.8,864.0,0.23500000000000001,0.0,0.4285,0.8
940,8.209375,320.0,577.2,888.0,0.157,0.06,0.379,0.88
941,8.0625,256.0,564.4,808.0,0.165,0.0,0.346,0.8200000000000001
942,7.94375,312.0,555.4,920.0,0.14100000000000001,0.0,0.3505,0.74
943,7.7,280.0,541.8,768.0,0.154,0.0,0.3675,0.74
944,8.2,352.0,577.2,864.0,0.144,0.08,0.35550000000000004,0.9
945,8.2375,280.0,577.4,896.0,0.20600000000000002,0.02,0.43,0.8200000000000001
946,7.95625,336.0,558.8,872.0,0.16799999999999998,0.04,0.396,0.7
947,8.640625,320.0,605.4,872.0,0.177,0.04,0.418,0.74
948,7.734375,312.0,549.2,856.0,0.10800000000000001,0.02,0.3485,0.6799999999999999
949,7.6625,288.0,547.8,872.0,0.263,0.06,0.442,0.8400000000000001
950,8.40625,288.0,586.8,1040.0,0.185,0.04,0.3965,0.76
951,7.453125,344.0,532.6,1016.0,0.125,0.0,0.3415,0.6799999999999999
952,8.13125,296.0,570.4,944.0,0.17099999999999999,0.0,0.38149999999999995,0.9
953,7.75625,224.0,548.2,976.0,0.165,0.0,0.35650000000000004,0.76
954,9.015625,248.0,630.2,1128.0,0.16499999999999998,0.0,0.3995,0.88
955,8.015625,344.0,565.4,840.0,0.158,0.1,0.36550000000000005,0.88
956,7.6125,288.0,532.4,800.0,0.11699999999999999,0.0,0.34,0.72
957,9.0,384.0,625.8,888.0,0.219,0.02,0.4205,0.8999999999999999
958,8.0,288.0,560.8,888.0,0.16299999999999998,0.08,0.383,0.74
959,8.021875,272.0,563.2,936.0,0.121,0.04,0.3045,0.62
960,8.00625,352.0,559.6,784.0,0.196,0.0,0.4085000000000001,0.7
961,8.240625,336.0,577.4,968.0,0.178,0.0,0.4065,0.76
962,7.7,264.0,542.4,816.0,0.155,0.0,0.378,0.74
963,8.425,352.0,593.0,856.0,0.24200000000000005,0.08,0.42350000000000004,0.8400000000000001
964,8.75625,400.0,610.2,872.0,0.193,0.04,0.403,0.6599999999999999
965,7.99375,248.0,565.6,928.0,0.123,0.02,0.34249999999999997,0.5800000000000001
966,8.0875,320.0,560.8,856.0,0.191,0.02,0.4025,0.72
967,8.165625,224.0,578.4,856.0,0.13599999999999998,0.02,0.329,0.66
968,7.91875,296.0,560.0,768.0,0.132,0.08,0.3665,0.66
969,7.740625,232.0,541.6,880.0,0.20800000000000002,0.1,0.393,0.94
970,7.79375,248.0,550.6,800.0,0.139,0.02,0.36849999999999994,0.76
971,7.390625,304.0,524.4,784.0,0.189,0.04,0.35350000000000004,0.8
972,7.7875,256.0,550.4,1024.0,0.16,0.16,0.40599999999999997,0.8200000000000001
973,8.6,376.0,605.4,904.0,0.14700000000000002,0.04,0.3805,0.7
974,7.375,312.0,523.2,808.0,0.1,0.02,0.34249999999999997,0.6
975,8.115625,336.0,567.0,840.0,0.166,0.04,0.393,0.6799999999999999
976,7.740625,232.0,542.8,896.0,0.166,0.02,0.3565,0.6
977,7.571875,240.0,535.2,896.0,0.123,0.02,0.346,0.8400000000000001
978,7.390625,296.0,525.6,856.0,0.171,0.0,0.3585,0.72
979,7.421875,256.0,522.8,776.0,0.186,0.02,0.389,0.66
980,7.79375,288.0,546.6,792.0,0.15,0.0,0.34950000000000003,0.66
981,7.234375,224.0,512.6,856.0,0.13999999999999999,0.1,0.39649999999999996,0.72
982,8.471875,360.0,586.8,896.0,0.173,0.04,0.397,0.8
983,7.853125,320.0,555.0,936.0,0.17099999999999999,0.0,0.35150000000000003,0.8
984,7.9375,336.0,556.0,824.0,0.176,0.08,0.3925,0.6799999999999999
985,7.8125,320.0,551.2,880.0,0.209,0.0,0.4035,1.0
986,8.125,320.0,569.8,864.0,0.207,0.02,0.391,0.96
987,7.16875,312.0,508.6,800.0,0.101,0.0,0.2955,0.62
988,8.190625,248.0,578.4,872.0,0.14500000000000002,0.0,0.355,0.6799999999999999
989,8.00625,224.0,563.4,1104.0,0.138,0.0,0.3135,0.72
990,7.875,272.0,559.4,752.0,0.166,0.04,0.38799999999999996,0.72
991,7.64375,288.0,543.4,856.0,0.16699999999999998,0.1,0.3685,0.78
992,7.7,216.0,543.2,800.0,0.156,0.0,0.3415,0.7
993,8.25625,264.0,582.4,888.0,0.187,0.04,0.395,0.6799999999999999
994,8.26875,368.0,574.4,952.0,0.128,0.02,0.378,0.74
995,7.9375,344.0,559.8,1032.0,0.135,0.0,0.346,0.72
996,7.821875,312.0,552.4,880.0,0.2,0.02,0.41500000000000004,0.78
997,7.85,312.0,557.2,864.0,0.217,0.04,0.43199999999999994,0.8
998,7.790625,248.0,548.2,904.0,0.17099999999999999,0.0,0.3875,0.72
999,8.403125,296.0,587.0,1048.0,0.167,0.1,0.41500000000000004,0.72
