0,7.925
1,7.4166665
2,8.335417
3,8.24375
4,8.697917
5,8.8375
6,9.4875
7,10.479167
8,11.439584
9,12.154166
10,12.45
11,12.154166
12,12.1125
13,11.816667
14,12.0875
15,10.966666
16,11.141666
17,10.725
18,10.439584
19,9.997916
20,9.583333
21,9.620833
22,9.475
23,10.375
24,11.204166
25,11.514584
26,11.270833
27,10.25
28,12.241667
29,11.641666
30,11.675
31,10.904166
32,11.3375
33,11.095834
34,11.679167
35,11.379167
36,11.441667
37,11.377084
38,11.554167
39,11.270833
40,11.383333
41,12.3625
42,11.8625
43,11.316667
44,11.345834
45,11.39375
46,12.052083
47,11.566667
48,10.808333
49,11.770833
50,11.627084
51,11.427083
52,11.795834
53,11.275
54,12.05625
55,11.93125
56,12.439584
57,12.1625
58,11.858334
59,12.535417
60,12.802083
61,12.702084
62,12.6625
63,13.15625
64,12.639584
65,12.991667
66,12.6375
67,13.358334
68,13.40625
69,13.41875
70,13.252084
71,13.402083
72,13.241667
73,12.8625
74,13.127084
75,12.754167
76,13.052083
77,14.2
78,13.852083
79,13.622916
80,13.420834
81,13.433333
82,13.416667
83,14.441667
84,13.235416
85,13.858334
86,13.708333
87,13.8875
88,13.41875
89,13.145833
90,13.46875
91,13.722917
92,14.44375
93,13.802083
94,14.191667
95,13.9
96,13.279166
97,13.75
98,13.53125
99,14.045834
100,13.941667
101,13.914583
102,14.05
103,14.877084
104,14.3375
105,14.35
106,14.066667
107,14.2125
108,13.914583
109,14.66875
110,14.508333
111,14.716666
112,14.435416
113,14.329166
114,14.460417
115,14.758333
116,14.235416
117,14.552083
118,14.633333
119,14.229167
120,14.291667
121,13.5
122,14.158334
123,15.072917
124,14.304167
125,14.610416
126,14.710417
127,14.954166
128,13.933333
129,14.027083
130,14.033334
131,14.4
132,14.675
133,14.829166
134,14.9625
135,14.466666
136,14.172916
137,15.185416
138,14.59375
139,14.604167
140,15.008333
141,15.029166
142,15.197917
143,14.8125
144,15.029166
145,15.304167
146,14.872916
147,14.8375
148,15.45
149,14.997916
150,15.077084
151,15.235416
152,14.710417
153,14.610416
154,14.425
155,15.247916
156,15.395833
157,15.010417
158,15.170834
159,15.072917
160,14.685416
161,14.733334
162,15.28125
163,14.908334
164,14.985416
165,15.475
166,14.975
167,14.916667
168,14.995833
169,15.277083
170,14.59375
171,15.0375
172,15.166667
173,15.18125
174,15.141666
175,15.329166
176,15.502084
177,15.672916
178,14.754167
179,14.889584
180,15.03125
181,14.208333
182,14.2625
183,14.645833
184,14.945833
185,14.991667
186,14.789583
187,15.722917
188,14.602083
189,15.1
190,14.870833
191,14.697917
192,14.0875
193,14.55
194,15.035417
195,14.991667
196,15.0125
197,14.84375
198,14.064584
199,14.422916
200,14.404166
201,14.652083
202,14.658334
203,14.883333
204,14.889584
205,15.460417
206,14.829166
207,14.95
208,15.258333
209,15.070833
210,14.683333
211,15.241667
212,14.891666
213,14.933333
214,15.122916
215,15.179167
216,15.110416
217,14.535417
218,15.116667
219,15.720834
220,15.035417
221,15.075
222,14.802083
223,15.197917
224,15.175
225,15.333333
226,15.1125
227,15.391666
228,14.835417
229,14.777083
230,15.079166
231,14.564584
232,14.575
233,14.7625
234,15.164583
235,14.533334
236,15.010417
237,14.939584
238,15.0375
239,14.910417
240,14.860416
241,15.379167
242,14.95
243,14.689584
244,15.08125
245,15.116667
246,14.683333
247,15.34375
248,14.729167
249,15.575
250,14.79375
251,15.735416
252,15.16875
253,15.375
254,15.36875
255,15.195833
256,15.504167
257,15.46875
258,14.925
259,15.014584
260,14.433333
261,15.522917
262,14.885417
263,14.983334
264,14.733334
265,14.977083
266,14.81875
267,14.752084
268,15.275
269,14.65625
270,15.422916
271,15.122916
272,15.525
273,14.666667
274,14.525
275,14.910417
276,15.1
277,14.820833
278,15.189584
279,15.408334
280,15.24375
281,14.85625
282,14.86875
283,15.466666
284,15.13125
285,14.991667
286,15.310416
287,14.4125
288,15.527083
289,15.0375
290,14.95625
291,15.375
292,15.027083
293,15.85
294,14.766666
295,14.620833
296,14.6125
297,15.4
298,15.070833
299,14.816667
300,14.24375
301,14.96875
302,15.002084
303,14.320833
304,15.64375
305,15.3625
306,14.66875
307,14.860416
308,15.1375
309,15.370833
310,14.791667
311,15.145833
312,14.797916
313,15.1875
314,15.004167
315,15.535417
316,14.770833
317,14.704166
318,14.714583
319,14.333333
320,15.0625
321,15.48125
322,15.154166
323,15.210417
324,14.629167
325,14.552083
326,14.529166
327,14.797916
328,15.625
329,14.777083
330,15.420834
331,15.277083
332,14.58125
333,15.066667
334,15.364583
335,15.445833
336,15.339583
337,15.260417
338,15.327084
339,14.454166
340,14.6625
341,15.283334
342,15.164583
343,15.279166
344,15.266666
345,15.875
346,14.845834
347,15.525
348,15.172916
349,15.5625
350,15.4875
351,15.091666
352,14.8
353,15.425
354,14.5625
355,15.191667
356,14.8125
357,14.860416
358,15.210417
359,15.55
360,15.579166
361,15.116667
362,15.1375
363,14.272917
364,15.1625
365,16.066668
366,14.722917
367,14.647917
368,15.483334
369,14.6625
370,15.070833
371,15.164583
372,14.958333
373,15.097917
374,14.816667
375,14.729167
376,14.775
377,15.283334
378,15.552083
379,15.0875
380,15.454166
381,15.722917
382,15.766666
383,15.395833
384,15.59375
385,15.489583
386,15.610416
387,15.614583
388,14.608334
389,15.804167
390,15.5125
391,15.697917
392,14.720834
393,15.69375
394,15.3375
395,15.447917
396,15.108334
397,15.066667
398,15.397917
399,15.535417
400,16.270834
401,14.952084
402,15.895833
403,15.514584
404,15.127084
405,15.758333
406,15.333333
407,15.20625
408,15.35
409,14.591666
410,14.810416
411,14.98125
412,15.070833
413,15.620833
414,15.14375
415,15.3875
416,14.877084
417,14.85625
418,15.220834
419,14.789583
420,15.658334
421,14.997916
422,15.108334
423,15.1
424,14.908334
425,15.90625
426,15.164583
427,15.039583
428,15.310416
429,15.670834
430,15.385417
431,14.897917
432,14.645833
433,14.879167
434,15.43125
435,14.9
436,14.510417
437,14.854167
438,15.133333
439,14.654166
440,15.24375
441,14.683333
442,15.24375
443,15.48125
444,15.164583
445,15.8625
446,14.74375
447,15.34375
448,14.897917
449,14.525
450,15.154166
451,15.091666
452,15.2
453,14.9
454,13.960417
455,15.716666
456,14.35625
457,14.610416
458,13.895833
459,14.752084
460,14.95625
461,14.439584
462,15.13125
463,15.05625
464,15.36875
465,14.779166
466,14.591666
467,15.38125
468,14.75625
469,15.54375
470,15.23125
471,14.51875
472,14.2625
473,14.88125
474,14.427083
475,15.089583
476,14.772917
477,14.945833
478,15.1625
479,15.172916
480,15.15625
481,14.6125
482,15.458333
483,15.647917
484,14.904166
485,15.14375
486,15.335417
487,14.83125
488,15.235416
489,15.252084
490,15.1125
491,15.90625
492,14.960417
493,16.06875
494,15.26875
495,15.304167
496,14.814584
497,15.2
498,15.216666
499,15.429167
500,15.339583
501,15.472917
502,15.09375
503,15.304167
504,15.141666
505,15.241667
506,15.145833
507,15.70625
508,15.9375
509,15.533334
510,14.602083
511,14.425
512,15.889584
513,15.697917
514,15.4625
515,15.70625
516,15.779166
517,14.791667
518,15.7375
519,15.6375
520,15.464583
521,15.804167
522,15.064584
523,15.235416
524,15.245833
525,15.045834
526,15.125
527,15.985416
528,15.695833
529,14.735416
530,15.639584
531,14.822917
532,15.8
533,15.15
534,15.2625
535,15.177083
536,15.722917
537,15.608334
538,14.752084
539,15.1875
540,15.083333
541,15.483334
542,15.141666
543,15.84375
544,15.114583
545,15.35
546,15.59375
547,15.639584
548,15.164583
549,15.510417
550,15.260417
551,16.072916
552,15.36875
553,15.560416
554,15.6
555,15.214583
556,15.541667
557,15.602083
558,15.320833
559,15.70625
560,15.104167
561,15.041667
562,15.6375
563,14.99375
564,15.48125
565,14.64375
566,15.691667
567,15.022917
568,14.620833
569,15.475
570,15.341666
571,15.235416
572,15.272917
573,14.772917
574,15.310416
575,15.072917
576,15.670834
577,15.64375
578,15.410417
579,14.88125
580,15.225
581,15.425
582,15.725
583,15.04375
584,15.697917
585,15.15625
586,15.59375
587,14.925
588,16.00625
589,15.422916
590,15.141666
591,15.5375
592,15.591666
593,15.133333
594,15.777083
595,15.466666
596,15.477083
597,14.90625
598,15.283334
599,15.139584
600,15.672916
601,14.789583
602,15.360416
603,15.310416
604,15.016666
605,15.49375
606,15.291667
607,15.289583
608,15.241667
609,15.00625
610,15.14375
611,15.004167
612,15.408334
613,15.777083
614,15.39375
615,15.483334
616,15.227083
617,15.752084
618,14.795834
619,15.6
620,15.189584
621,15.120833
622,15.225
623,15.985416
624,15.177083
625,15.61875
626,15.327084
627,15.1625
628,15.475
629,14.972917
630,15.583333
631,15.060416
632,16.0625
633,15.147917
634,14.720834
635,15.389584
636,15.747916
637,15.31875
638,15.016666
639,14.75
640,15.1875
641,15.49375
642,15.204166
643,14.8625
644,14.91875
645,15.895833
646,15.795834
647,15.902083
648,15.370833
649,15.135417
650,15.916667
651,14.2125
652,15.452084
653,14.779166
654,14.877084
655,15.0125
656,15.697917
657,14.897917
658,15.647917
659,15.314584
660,15.329166
661,14.977083
662,15.2
663,15.827084
664,15.225
665,15.829166
666,14.977083
667,15.44375
668,15.210417
669,15.554167
670,15.266666
671,15.183333
672,15.752084
673,15
674,15.364583
675,15.252084
676,15.6125
677,14.933333
678,15.766666
679,15.483334
680,15.275
681,15.779166
682,15.63125
683,15.316667
684,15.816667
685,15.391666
686,15.504167
687,14.725
688,15.73125
689,15.314584
690,14.99375
691,15.058333
692,15.39375
693,15.160417
694,15.852083
695,15.279166
696,15.195833
697,16.304167
698,15.358334
699,15.852083
700,15.502084
701,15.122916
702,15.397917
703,15.339583
704,15.183333
705,14.7625
706,14.741667
707,15.429167
708,15.089583
709,14.975
710,15.360416
711,15.85
712,15.575
713,15.44375
714,15.08125
715,15.191667
716,14.785417
717,15.45
718,15.185416
719,15.40625
720,15.341666
721,15.610416
722,15.210417
723,15.2875
724,14.095834
725,15.022917
726,14.895833
727,15.19375
728,15.325
729,15.254167
730,15.270833
731,15.377084
732,14.745833
733,14.8
734,15.245833
735,15.125
736,15.15
737,14.46875
738,15.329166
739,15.010417
740,14.247916
741,15.1125
742,14.789583
743,15.6375
744,14.883333
745,15.3125
746,15.183333
747,15.295834
748,15.379167
749,15.697917
750,14.98125
751,14.70625
752,15.083333
753,14.604167
754,14.579166
755,14.78125
756,15.004167
757,15.191667
758,14.839583
759,15.0125
760,15.422916
761,15.097917
762,15.010417
763,15.429167
764,15.24375
765,15.075
766,15.639584
767,15.339583
768,15.352083
769,14.89375
770,15.504167
771,15.48125
772,15.308333
773,15.391666
774,15.204166
775,14.820833
776,15.639584
777,14.845834
778,15.652083
779,15.570833
780,15.377084
781,15.360416
782,15.333333
783,15.4875
784,15.75
785,15.29375
786,15.31875
787,15.55
788,15.327084
789,16.06875
790,15.445833
791,15.320833
792,15.910417
793,15.008333
794,16.33125
795,15.641666
796,15.427083
797,15.04375
798,15.4625
799,15.2375
800,15.445833
801,15.677083
802,15.245833
803,15.608334
804,15.589583
805,15.470834
806,15.5375
807,15.439584
808,15.660417
809,15.466666
810,15.985416
811,15.152083
812,15.154166
813,15.108334
814,15.39375
815,15.708333
816,15.852083
817,15.139584
818,15.30625
819,14.860416
820,15.225
821,15.375
822,15.670834
823,15.402083
824,15.58125
825,15.891666
826,15.3375
827,15.041667
828,15.275
829,16.1625
830,15.252084
831,14.939584
832,15.24375
833,14.90625
834,15.441667
835,15.741667
836,14.891666
837,16.229166
838,15.483334
839,15.314584
840,15.254167
841,15.33125
842,14.8375
843,15.891666
844,15.689584
845,15.372916
846,15.539583
847,15.929167
848,15.285417
849,14.98125
850,15.35
851,15.36875
852,14.9875
853,15.322917
854,14.608334
855,15.641666
856,15.433333
857,15.3625
858,15.197917
859,15.372916
860,15.204166
861,15.372916
862,15.50625
863,15.372916
864,15.520833
865,15.216666
866,15.783334
867,15.508333
868,15.88125
869,15.535417
870,14.99375
871,15.129167
872,15.208333
873,15.55
874,14.73125
875,15.408334
876,15.539583
877,15.620833
878,15.314584
879,15.652083
880,15.010417
881,14.914583
882,15.352083
883,15.05625
884,15.260417
885,15.327084
886,14.904166
887,15.55625
888,15.283334
889,16.045834
890,15.960417
891,15.735416
892,15.122916
893,14.783334
894,14.975
895,16.002083
896,15.108334
897,15.802083
898,15.475
899,15.183333
900,15.258333
901,15.05625
902,15.697917
903,15.414583
904,14.814584
905,14.6875
906,15.375
907,15.30625
908,16.239584
909,14.7375
910,15.610416
911,15.560416
912,15.510417
913,14.679167
914,15.5
915,15.9375
916,15.383333
917,15.56875
918,15.102083
919,14.96875
920,15.641666
921,15.25
922,15.039583
923,15.3125
924,15.404166
925,15.404166
926,16.258333
927,15.545834
928,15.402083
929,15.733334
930,15.027083
931,15.775
932,15.341666
933,15.46875
934,15.4875
935,15.570833
936,15.697917
937,16.060417
938,15.460417
939,14.89375
940,15.064584
941,15.308333
942,15.35
943,15.28125
944,14.925
945,15.622916
946,14.904166
947,15.7875
948,15.114583
949,14.845834
950,15.29375
951,15.177083
952,14.945833
953,15.927083
954,15.314584
955,15.504167
956,14.95625
957,15.560416
958,15.372916
959,15.495833
960,15.18125
961,14.789583
962,15.475
963,15.535417
964,14.779166
965,15.179167
966,15.122916
967,14.98125
968,15.489583
969,15.09375
970,14.9
971,14.94375
972,15.652083
973,15.589583
974,15.104167
975,15.435416
976,15.520833
977,14.958333
978,15.220834
979,14.60625
980,15.458333
981,15.125
982,15.314584
983,15.183333
984,15.177083
985,15.785417
986,15.091666
987,15.583333
988,15.385417
989,15.439584
990,16.189583
991,15.5375
992,15.347917
993,14.760417
994,15.335417
995,15.2
996,15.077084
997,14.8375
998,14.98125
999,15.3375
1000,15.379167
1001,15.152083
1002,15.285417
1003,15.489583
1004,15.729167
1005,15.708333
1006,15.320833
1007,15.439584
1008,15.879167
1009,14.60625
1010,15.3375
1011,15.0875
1012,15.441667
1013,15.1625
1014,15.80625
1015,15.670834
1016,15.527083
1017,15.908334
1018,15.8
1019,14.677083
1020,14.75
1021,15.527083
1022,15.833333
1023,15.210417
1024,15.691667
1025,14.66875
1026,15.854167
1027,16.025
1028,15.985416
1029,15.44375
1030,14.952084
1031,15.383333
1032,15.179167
1033,15.504167
1034,15.397917
1035,16.025
1036,15.63125
1037,15.883333
1038,15.114583
1039,15.83125
1040,15.26875
1041,14.63125
1042,15.425
1043,15.422916
1044,15.625
1045,14.947917
1046,14.820833
1047,15.772917
1048,15.783334
1049,15.5625
1050,15.6625
1051,15.470834
1052,15.385417
1053,15.658334
1054,14.74375
1055,15.85
1056,15.529166
1057,16.1
1058,15.39375
1059,15.375
1060,14.914583
1061,15.354167
1062,14.83125
1063,15.216666
1064,15.070833
1065,15.145833
1066,14.941667
1067,15.129167
1068,15.266666
1069,15.3375
1070,15.260417
1071,14.854167
1072,14.95625
1073,15.65625
1074,15.454166
1075,15.3875
1076,15.39375
1077,15.6375
1078,15.55625
1079,15.254167
1080,15.322917
1081,15.495833
1082,15.666667
1083,15.45625
1084,15.945833
1085,16.3375
1086,15.641666
1087,15.314584
1088,15.5375
1089,15.545834
1090,16.05625
1091,14.945833
1092,14.8875
1093,15.4125
1094,15.65625
1095,15.441667
1096,15.18125
1097,14.945833
1098,14.9125
1099,15.710417
1100,15.495833
1101,15.66875
1102,15.004167
1103,15.308333
1104,14.858334
1105,14.702084
1106,15
1107,15.627084
1108,15.710417
1109,15.96875
1110,15.570833
1111,16.189583
1112,16.36875
1113,15.058333
1114,14.652083
1115,15.01875
1116,15.420834
1117,15.225
1118,14.995833
1119,15.05625
1120,15.189584
1121,14.854167
1122,15.03125
1123,14.914583
1124,15.266666
1125,15.810416
1126,14.635417
1127,15.325
1128,15.639584
1129,15.683333
1130,15.433333
1131,14.9625
1132,15.245833
1133,15.527083
1134,14.583333
1135,14.66875
1136,15.152083
1137,15.4375
1138,15.383333
1139,14.966666
1140,15.814584
1141,14.758333
1142,15.341666
1143,15.195833
1144,15.610416
1145,15.1
1146,15.970834
1147,14.56875
1148,15.10625
1149,15.647917
1150,16.1
1151,14.916667
1152,14.860416
1153,15.079166
1154,15.539583
1155,14.508333
1156,15.689584
1157,15.210417
1158,15.345834
1159,15.072917
1160,15.454166
1161,14.820833
1162,15.175
1163,15.641666
1164,15.095834
1165,15.66875
1166,14.625
1167,15.110416
1168,15.391666
1169,15.202084
1170,15.239583
1171,15.147917
1172,15.539583
1173,14.802083
1174,15.160417
1175,15.010417
1176,14.972917
1177,14.804167
1178,14.833333
1179,14.720834
1180,15.44375
1181,15.345834
1182,15.375
1183,15.11875
1184,15.220834
1185,15.48125
1186,14.86875
1187,15.122916
1188,16.014584
1189,15.283334
1190,15.36875
1191,15.308333
1192,15.5375
1193,15.3875
1194,15.302083
1195,15.6625
1196,15.220834
1197,14.927083
1198,15.895833
1199,15.55625
1200,15.210417
1201,15.108334
1202,15.133333
1203,15.25625
1204,15.183333
1205,15.289583
1206,15.489583
1207,15.245833
1208,15.6875
1209,14.460417
1210,15.925
1211,15.664583
1212,15.860416
1213,15.347917
1214,15.602083
1215,15.735416
1216,15.31875
1217,15.55
1218,15.654166
1219,14.829166
1220,15.429167
1221,14.964583
1222,15.464583
1223,15.475
1224,15.3625
1225,15.83125
1226,15.85
1227,15.639584
1228,15.141666
1229,14.8625
1230,14.870833
1231,15.46875
1232,16.010416
1233,15.327084
1234,15.520833
1235,16.064583
1236,15.041667
1237,15.6875
1238,15.46875
1239,15.770833
1240,15.141666
1241,14.845834
1242,15.408334
1243,15.55625
1244,15.789583
1245,15.541667
1246,15.852083
1247,15.7
1248,15.839583
1249,15.664583
1250,15.425
1251,15.43125
1252,14.46875
1253,15.852083
1254,15.208333
1255,15.958333
1256,15.53125
1257,15.354167
1258,15.65
1259,15.25
1260,15.070833
1261,15.541667
1262,15.710417
1263,15.377084
1264,15.74375
1265,14.570833
1266,15.504167
1267,15.395833
1268,15.289583
1269,15.7375
1270,15.339583
1271,15.485416
1272,15.06875
1273,15.397917
1274,15.602083
1275,15.839583
1276,15.427083
1277,15.58125
1278,14.829166
1279,15.370833
1280,15.154166
1281,15.427083
1282,14.875
1283,14.964583
1284,15.416667
1285,14.9125
1286,15.51875
1287,15.752084
1288,14.9875
1289,14.916667
1290,14.945833
1291,15.716666
1292,15.58125
1293,15.6
1294,14.8625
1295,15.45
1296,15.391666
1297,14.614583
1298,15.072917
1299,15.4375
1300,14.935416
1301,15.229167
1302,15.68125
1303,15.279166
1304,14.95625
1305,15.672916
1306,14.954166
1307,14.772917
1308,15.74375
1309,15.566667
1310,16.054167
1311,15.525
1312,14.952084
1313,14.860416
1314,14.802083
1315,15.795834
1316,15.158334
1317,15.35
1318,14.627084
1319,15.6875
1320,15.135417
1321,15.739583
1322,15.752084
1323,14.979167
1324,15.054167
1325,15.452084
1326,15.139584
1327,15.83125
1328,15.279166
1329,14.9875
1330,15.95
1331,15.14375
1332,15.004167
1333,15.225
1334,15.920834
1335,15.01875
1336,15.066667
1337,15.104167
1338,15.48125
1339,15.110416
1340,15.139584
1341,15.541667
1342,15.34375
1343,14.96875
1344,15.491667
1345,15.483334
1346,14.847917
1347,15.36875
1348,15.2125
1349,14.989583
1350,14.985416
1351,14.802083
1352,15.604167
1353,15.491667
1354,14.720834
1355,14.922916
1356,14.91875
1357,15.145833
1358,15.2
1359,14.883333
1360,15.195833
1361,15.095834
1362,14.989583
1363,15.54375
1364,15.670834
1365,15.6125
1366,15.210417
1367,15.28125
1368,14.71875
1369,15.2375
1370,15.197917
1371,15.247916
1372,15.275
1373,15.6375
1374,15.445833
1375,15.585417
1376,15.208333
1377,15.516666
1378,16.2
1379,14.93125
1380,16.28125
1381,15.44375
1382,15.629167
1383,15.677083
1384,15.09375
1385,14.864583
1386,15.875
1387,14.883333
1388,14.885417
1389,15.547916
1390,15.23125
1391,15.322917
1392,15.127084
1393,15.133333
1394,15.51875
1395,15.245833
1396,14.85625
1397,14.933333
1398,15.245833
1399,15.804167
1400,15.016666
1401,15.6
1402,15.389584
1403,15.210417
1404,15.170834
1405,14.85
1406,15.50625
1407,14.597917
1408,15.59375
1409,15.247916
1410,15.195833
1411,15.497916
1412,15.529166
1413,14.5
1414,15.710417
1415,15.358334
1416,15.60625
1417,14.927083
1418,15.2625
1419,15.60625
1420,14.835417
1421,15.097917
1422,15.552083
1423,15.208333
1424,14.833333
1425,15.102083
1426,15.189584
1427,15.672916
1428,14.189584
1429,15.060416
1430,15.472917
1431,15.697917
1432,14.945833
1433,15.422916
1434,15.302083
1435,15.28125
1436,15.645833
1437,15.310416
1438,15.891666
1439,15.71875
1440,15.1875
1441,15.295834
1442,15.85625
1443,15.445833
1444,14.747916
1445,15.202084
1446,15.29375
1447,15.2625
1448,15.445833
1449,15.233334
1450,15.179167
1451,15.358334
1452,14.977083
1453,15.758333
1454,15.239583
1455,15.283334
1456,15.791667
1457,15.985416
1458,15.589583
1459,15.197917
1460,15.39375
1461,15.09375
1462,15.96875
1463,15.772917
1464,15.466666
1465,15.51875
1466,15.264584
1467,15.139584
1468,15.08125
1469,15.027083
1470,15.497916
1471,14.535417
1472,15.3875
1473,16.108334
1474,15.56875
1475,15.664583
1476,14.6625
1477,15.7375
1478,16.458334
1479,15.21875
1480,15.258333
1481,14.777083
1482,14.739583
1483,15.127084
1484,15.429167
1485,15.245833
1486,15.102083
1487,15.35
1488,15.708333
1489,15.375
1490,15.964583
1491,15.639584
1492,15.810416
1493,15.28125
1494,15.745833
1495,15.78125
1496,15.829166
1497,15.389584
1498,15.21875
1499,15.354167
1500,15.654166
1501,15.520833
1502,15.25625
1503,15
1504,15.677083
1505,15.454166
1506,14.575
1507,15.914583
1508,14.66875
1509,15.845834
1510,15.179167
1511,15.141666
1512,14.8
1513,14.90625
1514,15.59375
1515,15.60625
1516,15.208333
1517,15.414583
1518,15.73125
1519,15.566667
1520,15.585417
1521,15.339583
1522,15.760417
1523,15.75625
1524,14.9625
1525,15.410417
1526,15.377084
1527,15.870833
1528,15.48125
1529,15.825
1530,15.320833
1531,15.970834
1532,15.125
1533,14.9375
1534,15.525
1535,15.135417
1536,14.95
1537,15.397917
1538,15.566667
1539,15.39375
1540,15.50625
1541,15.110416
1542,15.464583
1543,15.808333
1544,15.441667
1545,15.71875
1546,15.15
1547,14.441667
1548,15.183333
1549,15.177083
1550,15.885417
1551,15.604167
1552,15.729167
1553,15.25625
1554,14.635417
1555,15.258333
1556,15.695833
1557,15.089583
1558,15.579166
1559,15.552083
1560,15.675
1561,15.058333
1562,15.564584
1563,15.560416
1564,15.2125
1565,15
1566,15.714583
1567,15.635417
1568,15.379167
1569,15.89375
1570,14.866667
1571,14.797916
1572,14.870833
1573,15.741667
1574,15.195833
1575,15.422916
1576,15.079166
1577,15.475
1578,15.466666
1579,15.547916
1580,15.75
1581,15.616667
1582,14.747916
1583,15.85
1584,15.504167
1585,15.83125
1586,15.014584
1587,15.164583
1588,15.597917
1589,15.358334
1590,15.1625
1591,15.160417
1592,14.983334
1593,15.375
1594,15.520833
1595,15.402083
1596,14.997916
1597,15.49375
1598,15.3375
1599,14.825
1600,15.36875
1601,15.2
1602,15.233334
1603,15.591666
1604,15.408334
1605,15.3
1606,15.91875
1607,15.454166
1608,15.5875
1609,15.79375
1610,15.145833
1611,15.333333
1612,15.327084
1613,15.385417
1614,14.960417
1615,14.902083
1616,15.55625
1617,15.541667
1618,15.0125
1619,15.195833
1620,15.18125
1621,15.333333
1622,15.141666
1623,15.416667
1624,15.810416
1625,15.604167
1626,15.16875
1627,15.545834
1628,14.804167
1629,15.927083
1630,16.122917
1631,14.910417
1632,15.452084
1633,15.71875
1634,15.564584
1635,15.745833
1636,15.70625
1637,15.608334
1638,15.270833
1639,15.529166
1640,15.116667
1641,15.1125
1642,15.170834
1643,15.675
1644,14.977083
1645,15.225
1646,16.020834
1647,15.35
1648,15.322917
1649,15.64375
1650,15.6125
1651,15.102083
1652,15.283334
1653,15.039583
1654,15.852083
1655,15.114583
1656,15.704166
1657,15.535417
1658,15.052083
1659,14.870833
1660,15.38125
1661,15.329166
1662,15.433333
1663,15.99375
1664,15.327084
1665,15.335417
1666,15.947917
1667,15.2625
1668,14.845834
1669,15.133333
1670,15.579166
1671,15.26875
1672,15.31875
1673,15.827084
1674,14.91875
1675,15.277083
1676,15.73125
1677,15.275
1678,14.91875
1679,15.310416
1680,15.441667
1681,15.38125
1682,15.520833
1683,15.866667
1684,15.59375
1685,14.997916
1686,15.904166
1687,15.754167
1688,15.435416
1689,15.49375
1690,15.372916
1691,15.7375
1692,15.2625
1693,15.389584
1694,15.097917
1695,15.916667
1696,15.3
1697,15.235416
1698,15.591666
1699,15.235416
1700,14.939584
1701,15.389584
1702,14.979167
1703,15.354167
1704,15.44375
1705,15.502084
1706,15.522917
1707,15.15
1708,15.15
1709,14.710417
1710,15.145833
1711,15.329166
1712,15.447917
1713,15.245833
1714,15.358334
1715,15.025
1716,15.36875
1717,15.783334
1718,15.491667
1719,15.9875
1720,15.508333
1721,15.93125
1722,15.560416
1723,15.729167
1724,15.19375
1725,15.791667
1726,14.820833
1727,15.5125
1728,15.241667
1729,14.666667
1730,14.95
1731,15.352083
1732,15.0125
1733,15.008333
1734,15.016666
1735,15.652083
1736,15.579166
1737,15.370833
1738,15.266666
1739,15.497916
1740,15.475
1741,14.922916
1742,14.727083
1743,15.10625
1744,15.558333
1745,15.754167
1746,15.327084
1747,15.527083
1748,15.177083
1749,15.620833
1750,15.779166
1751,15.329166
1752,15.795834
1753,15.591666
1754,15.54375
1755,15.4625
1756,15.3
1757,15.633333
1758,14.785417
1759,15.402083
1760,15.00625
1761,15.366667
1762,15.35625
1763,14.633333
1764,15.410417
1765,15.21875
1766,14.722917
1767,15.191667
1768,15.654166
1769,15.6
1770,15.608334
1771,15.1125
1772,15.120833
1773,15.095834
1774,14.9625
1775,15.064584
1776,15.727083
1777,15.63125
1778,15.520833
1779,15.795834
1780,15.822917
1781,15.916667
1782,15.135417
1783,15.497916
1784,15.472917
1785,15.470834
1786,16.010416
1787,15.183333
1788,15.183333
1789,14.94375
1790,15.439584
1791,15.358334
1792,15.24375
1793,14.772917
1794,15.485416
1795,15.179167
1796,15.164583
1797,15.28125
1798,15.647917
1799,14.933333
1800,14.891666
1801,15.36875
1802,15.075
1803,14.85625
1804,15.46875
1805,15.245833
1806,15.40625
1807,15.68125
1808,15.40625
1809,14.758333
1810,14.614583
1811,15.066667
1812,14.902083
1813,14.927083
1814,15.314584
1815,14.972917
1816,15.14375
1817,14.829166
1818,14.797916
1819,15.375
1820,15.516666
1821,15.395833
1822,14.952084
1823,15.260417
1824,15.222917
1825,15.014584
1826,14.84375
1827,15.264584
1828,15.13125
1829,15.214583
1830,15.35
1831,15.372916
1832,15.341666
1833,15.147917
1834,14.95
1835,15.454166
1836,14.970834
1837,15.85
1838,14.658334
1839,14.435416
1840,15.258333
1841,15.370833
1842,15.372916
1843,15.245833
1844,15.2625
1845,14.422916
1846,14.795834
1847,14.920834
1848,14.9875
1849,16.025
1850,15.458333
1851,15.108334
1852,15.725
1853,15.30625
1854,15.66875
1855,15.060416
1856,15.420834
1857,15.15625
1858,15.6375
1859,15.29375
1860,15.160417
1861,15.704166
1862,15.575
1863,15.479167
1864,15.547916
1865,15.785417
1866,15.133333
1867,15.689584
1868,15.291667
1869,15.245833
1870,15.55
1871,15.520833
1872,15.358334
1873,15.8875
1874,14.960417
1875,15.283334
1876,15.308333
1877,15.308333
1878,15.91875
1879,15.741667
1880,15.072917
1881,14.70625
1882,15.085417
1883,15.272917
1884,14.70625
1885,15.122916
1886,14.80625
1887,15.722917
1888,15.54375
1889,15.102083
1890,15.235416
1891,15.677083
1892,15.25
1893,14.679167
1894,15.73125
1895,14.995833
1896,15.720834
1897,14.983334
1898,15.770833
1899,15.025
1900,15.625
1901,15.2
1902,15.73125
1903,15.2875
1904,15.085417
1905,15.34375
1906,15.422916
1907,15.235416
1908,15.125
1909,15.152083
1910,15.358334
1911,15.516666
1912,14.84375
1913,15.43125
1914,15.372916
1915,15.40625
1916,15.33125
1917,16.077084
1918,15.466666
1919,15.36875
1920,14.370833
1921,15.454166
1922,15.502084
1923,16.008333
1924,14.952084
1925,16.025
1926,15.572917
1927,15.014584
1928,15.7
1929,15.458333
1930,15.475
1931,15.295834
1932,15.125
1933,15.077084
1934,15.589583
1935,15.677083
1936,15.254167
1937,15.172916
1938,15.360416
1939,15.241667
1940,15.2875
1941,15.816667
1942,15.039583
1943,15.327084
1944,15.16875
1945,15.745833
1946,15.3375
1947,15.122916
1948,14.741667
1949,15.272917
1950,15.44375
1951,16.085417
1952,15.502084
1953,15.758333
1954,15.291667
1955,15.10625
1956,15.120833
1957,15.39375
1958,15.35
1959,15.208333
1960,15.08125
1961,15.41875
1962,15.620833
1963,15.266666
1964,15.775
1965,15.770833
1966,15.297916
1967,15.3625
1968,15.1875
1969,15.245833
1970,15.527083
1971,15.329166
1972,14.991667
1973,14.804167
1974,15.358334
1975,14.904166
1976,15.635417
1977,15.210417
1978,15.06875
1979,14.941667
1980,15.420834
1981,15.435416
1982,15.404166
1983,14.716666
1984,15.35
1985,15.679167
1986,15.439584
1987,15.29375
1988,15.1375
1989,16.270834
1990,15.7375
1991,15.54375
1992,14.795834
1993,15.35625
1994,15.652083
1995,15.395833
1996,15.16875
1997,14.8625
1998,15.222917
1999,15.325
